No,施設区分,配置施設名,所管課,所在地,lat,lng,電話番号,AED利用可能時間,時間外利用方法,,施設数,配置台数,施設内の設置場所,,,,,,,
1,市庁舎・区役所等,井川支所,井川支所,葵区井川６５６－２,35.221614,138.241234,,月～金（祝日を除く）　　8：30～17：15,時間外利用不可,,1,1,井川支所玄関正面,,,,,,,
2,,静岡庁舎,静岡市の所有ではありません。,葵区追手町５番１号,34.975401,138.383268,-,新館　7:30～18:00　月～金（祝日除く）,警備員室・守衛室へ声をお掛けください。,,1,1,新館地下１階売店前自動販売機,,,,,,,
3,,,管財課,葵区追手町５番１号,34.975401,138.383268,254-2111,新館・本館　7:30～18:00　月～金（祝日除く）ギャラリー(本館)の開館日　10:00～18:00（休日等）,警備員室・守衛室へ声をお掛けください。,,,4,①新館１階エスカレーター登口横,,,,,,,
4,,,,,34.975401,138.383268,,新館・本館　7:30～18:00　月～金（祝日除く）ギャラリー(本館)の開館日　10:00～18:00（休日等）,警備員室・守衛室へ声をお掛けください。,,,,②新館２階エスカレーター横通路（３階階段登口横）,,,,,,,
5,,,,,34.975401,138.383268,,新館・本館　7:30～18:00　月～金（祝日除く）ギャラリー(本館)の開館日　10:00～18:00（休日等）,警備員室・守衛室へ声をお掛けください。,,,,③新館３階本館連絡通路入口前（技術政策課前）,,,,,,,
6,,,,,34.975401,138.383268,,新館・本館　7:30～18:00　月～金（祝日除く）ギャラリー(本館)の開館日　10:00～18:00（休日等）,警備員室・守衛室へ声をお掛けください。,,,,④本館１階正面市民ギャラリー入口横,,,,,,,
7,,,議会総務課,葵区追手町５番１号,34.975401,138.383268,221-1158,本館　8:30～17：15　月～金（祝日除く）,警備員室・守衛室へ声をお掛けください。,,,1,議会図書室横,,,,,,,
8,,観光交流文化局シティプロモーション課,シティプロモーション課,葵区追手町５番１号,34.975401,138.383268,221-1228,貸出受付は8:30～17:15　月～金(祝日除く)使用日直近営業日に貸出、使用後直近営業日に返却（要予約）,時間外利用不可,,-,2,シティプロモーション課にて貸出受付,,,,,,,
9,,葵区役所地域総務課（イベント貸出用）,観光・シティプロモーション課,葵区追手町５－１,34.975401,138.383268,221-1343,使用日前日から翌日,警備員室・守衛室へ声をお掛けください。,,-,2,,,,,,,,
10,消防庁舎,消防庁舎（追手町消防署）,消防総務課,葵区追手町６番２号,34.976062,138.381715,255-9710,24時間,事務室へ声をお掛けください。,,1,1,１階玄関ホール,,,,,,,
11,スポーツ施設等,梅ケ島キャンプ場,スポーツ振興課,葵区梅ケ島３１９８番地地先,35.257504,138.325582,269-2459,施設使用時のみ（年末年始除く）,時間外利用不可,,1,1,管理棟窓口,,,,,,,
12,,城北運動場,スポーツ振興課,葵区大岩町１番２０号,34.991877,138.378535,248-9416,9:00～21:00（年末年始除く）,時間外利用不可,,1,1,談話室内,,,,,,,
13,,玉川キャンプセンター,スポーツ振興課,葵区長妻田７５５番地,35.163131,138.326683,297-2016,施設使用時のみ（年末年始除く）,時間外利用不可,,1,1,管理棟入口（窓口前）,,,,,,,
14,,中央体育館,スポーツ振興課,葵区駿府町２番８０号,34.981528,138.385395,255-1010,8:30～21:00（年末年始除く）,時間外利用不可,,1,2,①体育館１階ホール公衆電話横,,,,,,,
15,,,,,34.981528,138.385395,,8:30～21:00（年末年始除く）,時間外利用不可,,,,②屋内プール放送室内,,,,,,,
16,,東部体育館,スポーツ振興課,葵区東千代田二丁目３番１号,35.001268,138.408756,264-8485,8:30～21:00（年末年始除く）,時間外利用不可,,1,1,１階事務所入口横,,,,,,,
17,,西ケ谷総合運動場,スポーツ振興課,葵区西ケ谷８番地の１,35.013391,138.353545,[管理棟]296-1900[プール] 296-6678,8:30～21:00 （年末年始除く）,時間外利用不可,,1,3,①管理棟券売機横  ,,,,,,,
18,,,,,35.013391,138.353545,,8:30～21:00（年末年始除く）,時間外利用不可,,,,②屋内プール事務所内,,,,,,,
19,,,,,35.013391,138.353545,,8:30～21:00（年末年始除く）,時間外利用不可,,,,③野球場3塁側選手出入口通路,,,,,,,
20,,ふれあい健康増進館（ゆ・ら・ら）,スポーツ振興課,葵区南沼上１３７９－１,35.025665,138.412284,263-3456,10:00～21:00（年末年始除く）,時間外利用不可,,1,1,受付横,,,,,,,
21,,北部勤労者福祉センター,商業労政課,葵区本通七丁目１１番９号,34.969554,138.373452,251-2315,10:00～22:00（第２・４・５日曜日、祝日、12/28～1/5を除く）,時間外利用不可,,1,1,４階トレーニング場内,,,,,,,
22,,北部体育館,スポーツ振興課,葵区松富四丁目１４番１号,35.018329,138.373074,255-6262,8:30～21:00（年末年始除く）,時間外利用不可,,1,1,１階事務所入口横,,,,,,,
23,,リバウエル井川スキー場,中山間地振興課,葵区井川２６２９番地の１９０,35.215726,138.279037,260-2316,8:30～16:00月～日曜日,時間外利用不可,,1,2,レストハウス受付（冬期は、うち１台をリフト運転室（乗り場）に設置）,,,,,,,
24,,,,,35.215726,138.279037,,,,,,,,,,,,,,
25,生涯学習施設,葵生涯学習センター（アイセル２１）,生涯学習推進課,葵区東草深町３番１８号,34.983431,138.385662,246-6191,8:30～21:45第２・４月曜日以外の曜日,時間外利用不可,,1,1,２階事務室横,,,,,,,
26,,梅ヶ島生涯学習交流館,生涯学習推進課,葵区梅ヶ島１３０９番地,35.243458,138.340856,269-2002,8:30～17:15月～金（祝日を除く）,時間外利用不可,,1,1,１階玄関ホール,,,,,,,
27,,大川生涯学習交流館,生涯学習推進課,葵区日向１０番地,35.082589,138.24216,291-2002,8:30～17:15月～金（祝日を除く）,時間外利用不可,,1,1,１階ホール入口横,,,,,,,
28,,大河内生涯学習交流館,生涯学習推進課,葵区平野１０９７番地の３８,35.140588,138.365622,293-2111,8:30～17:15月～金（祝日を除く）,時間外利用不可,,1,1,１階受付カウンター横,,,,,,,
29,,清沢生涯学習交流館,生涯学習推進課,葵区昼居渡６６番地の２,35.034571,138.253528,295-3111,8:30～17:15月～金（祝日を除く）,時間外利用不可,,1,1,１階玄関横,,,,,,,
30,,西部生涯学習センター,生涯学習推進課,葵区田町三丁目４６番地の５,34.97086,138.367075,255-3960,8:30～21:45月曜日・祝日以外の曜日（市民サービスコーナーとの複合館であるため、月曜日においては8:30～17:15の間利用可能）,時間外利用不可,,1,1,１階玄関ホール第３集会室横,,,,,,,
31,,玉川生涯学習交流館,生涯学習推進課,葵区落合１２６番地の１,35.110524,138.331295,292-2111,8:30～17:15月～金（祝日を除く）,時間外利用不可,,1,1,１階玄関横,,,,,,,
32,,東部生涯学習センター,生涯学習推進課,葵区千代田七丁目８番１５号,35.001454,138.405946,263-0338,8:30～21:45月曜日・祝日以外の曜日（保健福祉センター・市民サービスコーナーとの複合館であるため、月曜日においては8:30～17:15の間利用可能）,時間外利用不可,,1,1,１階玄関市民サービスコーナー受付中央部,,,,,,,
33,,西奈生涯学習センター,生涯学習推進課,葵区瀬名二丁目３２番４３号,35.017608,138.422916,265-2468,8:30～21:45月曜日・祝日以外の曜日（図書館・市民サービスコーナーとの複合館であるため、月曜日においては8:30～17:15の間利用可能）,時間外利用不可,,1,1,１階玄関ホール事務室横,,,,,,,
34,,北部生涯学習センター,生涯学習推進課,葵区昭府二丁目１４番１号,35.001981,138.369507,271-5111,8:30～21:45月曜日・祝日以外の曜日（保健福祉センター・市民サービスコーナーとの複合館であるため、月曜日においては8:30～17:15の間利用可能）,時間外利用不可,,1,1,１階玄関ホール正面,,,,,,,
35,,藁科生涯学習センター,生涯学習推進課,葵区羽鳥本町５番９号,34.983724,138.328857,278-4141,8:30～21:45月曜日・祝日以外の曜日,時間外利用不可,,1,1,１階玄関ホール事務室横,,,,,,,
36,図書館,中央図書館,中央図書館,葵区大岩本町２９番１号,34.988277,138.37804,247-6711,月～金曜日は9:30～19:00、土・日曜日国民の祝日は9:30～17:00。ただし、毎月第２月曜日・第４水曜日（祝日の場合は翌日）、祝日の次の平日、所蔵点検期間中、年末年始は休館日で利用不可。,時間外利用不可,,1,1,１階返却カウンター,,,,,,,
37,,中央図書館麻機分館,中央図書館,葵区有永４２１番地の１,35.025695,138.389494,248-5035,曜日：毎日（年末年始は除く）。　時間帯：月曜日は8:30～17:00（国民の祝日を除く）、火～金曜日は8:30～17:00及び地域・学校連携施設の利用有の場合18:00～21:00利用可、土・日・祝日は9:00～17:00及び地域・学校連携施設の利用有の場合18:00～21:00利用可,時間外利用不可,,1,1,１階ホール(共有ｽﾍﾟｰｽ),,,,,,,
38,,中央図書館美和分館,中央図書館,葵区安倍口団地５番１号,35.022323,138.364416,296-6501,曜日：毎日（国民の祝日・年末年始を除く）。時間帯：月曜日8:30～17:00、火～日曜日8:30～21:30,時間外利用不可,,1,1,１階ホール湯沸し室横(共有ｽﾍﾟｰｽ),,,,,,,
39,,北部図書館,中央図書館,葵区与一六丁目１７番１０号,35.008291,138.366971,653-1817,曜日：毎日（国民の祝日・年末年始を除く）　時間帯：月曜日及び第４水曜日8:30～17:00、火～金曜日8:30～19:00、土・日曜日9:30～17:00,時間外利用不可,,1,1,１階和室入口横(共有ｽﾍﾟｰｽ),,,,,,,
40,,御幸町図書館,中央図書館,葵区御幸町３番地の２１（ペガサート４・５階）,34.975043,138.386132,251-1868,月～金曜日は9:30～20:00、土・日曜日国民の祝日は9:30～17:00。ただし、毎月第２月曜日・第４水曜日（祝日の場合は翌日）、祝日の次の平日、所蔵点検期間中、年末年始は休館日で利用不可。,時間外利用不可,,1,1,ボランティア活動室内,,,,,,,
41,文化施設等,クリエーター支援センター,産業政策課,葵区追手町４－１６,34.976595,138.384796,205-4750,月曜日～土曜日9：00～21：00,時間外利用不可,,1,1,１階事務室前,,,,,,,
42,,産学交流センター,産業政策課,葵区御幸町３番地２１（ペガサート６・７階）,34.975043,138.386132,275-1655,月曜日～土曜日（祝日を除く）9：30～22：00,時間外利用不可,,1,1,６階正面入口右側壁,,,,,,,
43,,静岡音楽館,文化振興課,葵区黒金町１番地の９,34.971049,138.386254,251-2200,9：00～21：30休館日以外( 休館日：毎週月曜日（休日の場合はその翌日）、年末年始、臨時休館日),時間外利用不可,,1,1,７階事務室前受付カウンター,,,,,,,
44,,静岡市美術館,文化振興課,葵区紺屋町１７番地の１葵タワー３階,34.972754,138.386376,273-1515,10：00～19：00休館日以外 (休館日：毎週月曜日（休日の場合はその翌日）、年末年始、臨時休館日),時間外利用不可,,1,1,展示室前,,,,,,,
45,,静岡市民文化会館,文化振興課,葵区駿府町２番９０号,34.980903,138.38719,251-3751,8：30～21:45休館日以外 (休館日：毎週月曜日（休日の場合はその翌日）、年末年始、臨時休館日),警備員室・守衛室へ声をお掛けください。,,1,1,ロビー棟１階休憩室横,,,,,,,
46,,静岡市民文化会館前駐車場,文化振興課,葵区駿府町２番７５号,34.981397,138.385551,-,8：30～22:00年末年始、臨時休止日以外,時間外利用不可,,1,1,事務室内,,,,,,,
47,,賎機都市山村交流センター（安倍ごころ）,中山間地振興課,葵区牛妻２３５２番地,35.072486,138.372389,294-2501,9:30～17:00月曜日以外,時間外利用不可,,1,1,管理事務所窓口,,,,,,,
48,,中勘助文学記念館,文化振興課,葵区新間１０８９番地の１２０,34.985165,138.317522,277-2970,休館日（月曜日（祝日以外）、祝日の翌日、年末年始（12月26日～1月5日））を除く日10:00～17:00,時間外利用不可,,1,1,玄関,,,,,,,
49,,番町市民活動センター,市民自治推進課,葵区一番町５０番地,34.976292,138.37271,273-1212第１、第３水曜日については静岡市特別支援教育センター（255-3600）,年末年始（12/29～1/3）を除く月～土（第１、第３水曜日を除く）：9：00～21：30第１、第３水曜日：8：30～17：15日・祝：9：00～18：00,時間外利用不可,,1,1,入口付近受付前,,,,,,,
50,,文化財資料館,歴史文化課,葵区宮ヶ崎町１０２番地静岡浅間神社境内,34.982595,138.376229,245-3500,休館日（月曜日（祝日以外）、祝日の翌日（土・日以外）、年末年始（12月26日～1月5日））を除く日　9:00～16:30,時間外利用不可,,1,1,玄関ホール正面右側,,,,,,,
51,,藁科都市山村交流センター（わらびこ）,中山間地振興課,葵区大原１８３４番地,35.01358,138.270546,270-1501,9:30～17:00月曜日以外,時間外利用不可,,1,1,施設入口（公衆電話設置場所）,,,,,,,
52,福祉施設等,麻機児童館,子ども未来課,葵区有永４－２,35.026462,138.390247,248-4044,9：00～17：30（月曜日（祝日を除く）、祝日の翌日、毎月第３日曜日、年末年始は除く）,時間外利用不可,,1,1,玄関ホール,,,,,,,
53,,安東児童館,子ども未来課,葵区安東二丁目１６－１２,34.989555,138.383184,246-7224,9：00～17：30（月曜日（祝日を除く）、祝日の翌日、毎月第３日曜日、年末年始は除く）,時間外利用不可,,1,1,事務室前廊下,,,,,,,
54,,井川高齢者生活福祉センター,高齢者福祉課,葵区井川１１３３番地の２,35.222103,138.244287,260-2227,月～土（休館日除く）8：30～17：15,時間外利用不可,,1,1,２階デイルーム,,,,,,,
55,,梅ヶ島高齢者生活福祉センター,高齢者福祉課,葵区入島２４６番地,35.232243,138.34474,207-4477,月～土（休館日除く）8：30～17：00,時間外利用不可,,1,1,玄関左側壁,,,,,,,
56,,大川高齢者生活福祉センター,高齢者福祉課,葵区日向１０番地,35.082589,138.24216,206-5880,月～土（休館日除く）8：30～17：30,時間外利用不可,,1,1,小浴場前,,,,,,,
57,,鯨ケ池老人福祉センター,高齢者福祉課,葵区下９５１番地の１,35.041793,138.383797,294-9778,火～日（休館日除く）8：30～17：30,時間外利用不可,,1,1,１階事務室横,,,,,,,
58,,静岡市救護所,福祉総務課,葵区吉津１９０５番地,34.98141,138.312231,278-6239,平日（8:30～17:00）,時間外利用不可,,1,1,介護室,,,,,,,
59,,静岡市桜の園,障害者福祉課,葵区内牧１５６０番地６,35.023481,138.346259,296-2000,24時間月～日,施設職員へ声をお掛けください。,,1,2,①在宅サービス課指導員室内,,,,,,,
60,,,,,35.023481,138.346259,,24時間月～日,施設職員へ声をお掛けください。,,,,②医務室内,,,,,,,
61,,静岡市桜の園城北館,障害者福祉課,葵区北安東四丁目３２番３４号,35.004536,138.383414,200-5551,8:30～17:30月～金,時間外利用不可,,1,1,職員室内,,,,,,,
62,,静岡市心身障害児福祉センターいこいの家,障害者福祉課,葵区城東町２４番１号,34.986211,138.387609,249-3190,8:30～17:15月～金,時間外利用不可,,1,1,医務室内,,,,,,,
63,,静岡中央子育て支援センター,子ども未来課,葵区呉服町二丁目１－１,34.975062,138.382115,254-2287254-2296,月～土　7：00～23：00日・祝日　8：00～20：00（1月1日から3日は除く）,時間外利用不可,,1,1,４階交流サロン玄関左,,,,,,,
64,,静岡老人ホーム,高齢者福祉課,葵区吉津１９０５番地,34.98141,138.312231,278-1727,毎日6：00～18：00,電話またはインターホンにて声をお掛けください。,,1,1,玄関ホールの柱,,,,,,,
65,,静岡市わらしな学園,障害者福祉課,葵区飯間２２６３番地,34.982163,138.309923,278-2511,24時間月～日,電話またはインターホンにて声をお掛けください。,,1,1,本館医務室内,,,,,,,
66,,静岡市わらしなロッジ,障害者福祉課,葵区飯間２２６３番地,34.982163,138.309923,278-2900,8:30～17:00月～金,電話またはインターホンにて声をお掛けください。,,1,1,新館医務室内,,,,,,,
67,,児童相談所,児童相談所,葵区堤町９１４番地の４１７,35.001584,138.362477,275-2874,8:30～17:15月～金（祝日除く）,時間外利用不可,,1,1,１階事務室内,,,,,,,
68,,地域福祉交流プラザ,福祉総務課,葵区城東町２４番1 号,34.986211,138.387609,249-3183,休館日以外の8:30～21:00(休館日：毎月の第２日曜日、　12月29日から翌年の1月3日までの日),警備員室・守衛室へ声をお掛けください。,,1,1,１階ラ・ポシェット横,,,,,,,
69,,中央福祉センター,福祉総務課,葵区城内町１番１号,34.981889,138.381204,273-8133,休館日以外の9:00～21:00(休館日：毎月の第４日曜日、　12月29日から翌年の1月3日までの日),時間外利用不可,,1,1,１階玄関受付横,,,,,,,
70,,長尾川老人福祉センター,高齢者福祉課,葵区長尾１１７番地,35.03717,138.427015,265-1415,火～日（休館日除く）8：30～17：15,時間外利用不可,,1,1,１階事務室内,,,,,,,
71,,西奈児童館,子ども未来課,葵区瀬名一丁目１９－３０,35.013664,138.424844,263-6343,9：00～17：30（月曜日（祝日を除く）、祝日の翌日、毎月第３日曜日、年末年始は除く）,時間外利用不可,,1,1,玄関ホール,,,,,,,
72,,服織児童館,子ども未来課,葵区羽鳥六丁目２７－１４,34.986616,138.337711,277-1201,9：00～17：30（月曜日（祝日を除く）、祝日の翌日、毎月第３日曜日、年末年始は除く）,時間外利用不可,,1,1,事務室前廊下,,,,,,,
73,,美和児童館,子ども未来課,葵区安倍口団地２－１０,35.019065,138.363255,296-4156,9：00～17：30（月曜日（祝日を除く）、祝日の翌日、毎月第３日曜日、年末年始は除く）,時間外利用不可,,1,1,玄関ホール,,,,,,,
74,こども園,上土こども園,こども園課,葵区古庄四丁目２番11号,34.99901,138.415998,261-6044,7:00～19:00(月～土）,時間外利用不可,,1,1,１階玄関ロビー,,,,,,,
75,,安倍口中央こども園,こども園課,葵区安倍口団地３番１号,35.020346,138.364749,296-0345,7:30～18:00(月～土）,時間外利用不可,,1,1,１階玄関,,,,,,,
76,,梅ケ島こども園,こども園課,葵区梅ヶ島５４４番地の４,35.243531,138.346081,269-2004,8:00～17:00(月～土）,時間外利用不可,,1,1,玄関左側壁,,,,,,,
77,,大川こども園,こども園課,葵区坂ノ上１２３９番地の４,35.072641,138.247815,291-2123,8:00～17:00(月～土）,時間外利用不可,,1,1,玄関,,,,,,,
78,,新富町こども園,こども園課,葵区新富町三丁目２１番２号,34.971387,138.369546,252-2746,7:00～19:00(月～土）,時間外利用不可,,1,1,１階ホール,,,,,,,
79,,瀬名川こども園,こども園課,葵区瀬名川一丁目２１番４０号,35.004754,138.426922,262-5940,7:00～19:00(月～土）,時間外利用不可,,1,1,１階玄関左側（職員靴箱上）,,,,,,,
80,,田町こども園,こども園課,葵区田町一丁目７９番地,34.974968,138.366086,252-6374,7:00～19:00(月～土）,時間外利用不可,,1,1,１階玄関ロビー,,,,,,,
81,,長沼こども園,こども園課,葵区長沼二丁目１８番３１号,34.993283,138.414259,261-1241,7:00～19:00(月～土）,時間外利用不可,,1,1,１階玄関ロビー,,,,,,,
82,,中藁科こども園,こども園課,葵区大原１２３７番地,35.0075,138.278734,279-0002,7:30～18:00(月～土）,時間外利用不可,,1,1,１階玄関ロビー通路側,,,,,,,
83,,服織中央こども園,こども園課,葵区羽鳥本町２５番３３号,34.986366,138.330234,278-2217,7:00～19:00(月～土）,時間外利用不可,,1,1,１階玄関,,,,,,,
84,,服織こども園,こども園課,葵区山崎一丁目１７番１号,34.975712,138.353834,278-9721,7:30～18:00(月～土）,時間外利用不可,,1,1,１階玄関ロビー,,,,,,,
85,,葵待機児童園,こども園課,葵区千代田三丁目３番２５号,34.994571,138.400741,207-8883,7:00～19:00(月～土）,時間外利用不可,,1,1,事務室前,,,,,,,
86,,安倍口こども園,こども園課,葵区安倍口新田４３番地の１,35.02237,138.358922,296-1824,7：00～18：00（月～金）,時間外利用不可,,1,1,職員室玄関,,,,,,,
87,,安東こども園,こども園課,葵区安東三丁目１１番地の１７,34.991643,138.384045,245-6227,7：00～18：00（月～金）,時間外利用不可,,1,1,１階玄関,,,,,,,
88,,西奈こども園,こども園課,葵区瀬名三丁目２４番地２５号,35.023463,138.421033,261-3016,7：00～18：00（月～金）,時間外利用不可,,1,1,１階玄関,,,,,,,
89,,藁科こども園,こども園課,葵区吉津１番地,34.980418,138.308867,278-6637,7：00～18：00（月～金）,時間外利用不可,,1,1,１階玄関,,,,,,,
90,保健衛生施設等,井川診療所,保険年金管理課,葵区 井川１１３３番地の２,35.222103,138.244287,260-2300,8:30～17:00  月～金(休診日除く）8：30～12：00（第1・2・3土曜）,時間外利用不可,,1,1,一階診療室,,,,,,,
91,,梅ヶ島診療所,保健衛生総務課,葵区梅ヶ島１３２６番地,35.244158,138.342198,269-2025,月・火・金9：00～17：00,診療所兼住宅のため、医師が在宅の場合は使用可,,1,1,診察室内,,,,,,,
92,,大川診療所,保健衛生総務課,葵区坂ノ上６１５番地,35.06891,138.244372,291-2622,月～水、金　　9：00～17：00土曜（第１、第３土曜日を除く）　　9：00～12：00,時間外利用不可,,1,1,受付事務室内,,,,,,,
93,,大河内診療所,保健衛生総務課,葵区平野１０９７番地の３９,35.140588,138.365622,293-2021,水曜　11：00～18：00土曜　10：30～12：30,時間外利用不可,,1,1,処置室内,,,,,,,
94,,玉川診療所,保健衛生総務課,葵区落合２４３番地の６,35.110538,138.331036,292-2223,月～水、金9：00～17：00,時間外利用不可,,1,1,診察室内,,,,,,,
95,,こころの健康センター,こころの健康センター,葵区柚木２４０番地,34.983198,138.408138,262-3011,月曜～金曜　8：30～17：00（祝日・年末年始を除く）,時間外利用不可,,1,1,２階ホール,,,,,,,
96,,静岡病院,静岡病院病院施設課,葵区追手町１０番９３号,34.978481,138.379676,253-3125,24時間　毎日,,,1,14,①西館１階　待合ホール,,,,,,,
97,,,,,34.978481,138.379676,,24時間　毎日,,,,,②西館３階　,,,,,,,
98,,,,,34.978481,138.379676,,24時間　毎日,,,,,③西館４階,,,,,,,
99,,,,,34.978481,138.379676,,24時間　毎日,,,,,④西館６階,,,,,,,
100,,,,,34.978481,138.379676,,24時間　毎日,,,,,⑤西館７階,,,,,,,
101,,,,,34.978481,138.379676,,24時間　毎日,,,,,⑥西館８階　,,,,,,,
102,,,,,34.978481,138.379676,,24時間　毎日,,,,,⑦西館９階,,,,,,,
103,,,,,34.978481,138.379676,,24時間　毎日,,,,,⑧西館12階,,,,,,,
104,,,,,34.978481,138.379676,,24時間　毎日,,,,,⑨東館地階　エレベーターホール,,,,,,,
105,,,,,34.978481,138.379676,,24時間　毎日,,,,,⑩東館２階　エレベーターホール,,,,,,,
106,,,,,34.978481,138.379676,,24時間　毎日,,,,,⑪東館９階,,,,,,,
107,,,,,34.978481,138.379676,,24時間　毎日,,,,,⑫東館10階,,,,,,,
108,,,,,34.978481,138.379676,,24時間　毎日,,,,,⑬東館11階,,,,,,,
109,,,,,34.978481,138.379676,,24時間　毎日,,,,,⑭北館２階（配置予定）,,,,,,,
110,,障害者歯科保健センター,健康づくり推進課,葵区城東町２４番１号,34.986211,138.387609,249-3147,8:30～17：15火～土（祝日除く）,時間外利用不可,,1,1,保健所棟１階センター受付カウンター内,,,,,,,
111,,地域リハビリテーション推進センター,地域ﾘﾊﾋﾞﾘﾃｰｼｮﾝ推進ｾﾝﾀｰ,葵区城東町２４番１号,34.986211,138.387609,249-3182,8:30～17：15月～金（祝日・年末年始を除く）,時間外利用不可,,1,1,保健福祉複合棟２階事務室内,,,,,,,
112,,動物愛護館,動物指導センター,葵区産女９５４番地,34.980316,138.322652,動物愛護館（278-4070）、動物指導センター（278-6409）,9：00～16：00（年末年始除く）,時間外利用不可,,1,1,１階受付横,,,,,,,
113,,保健所（２階）,保健予防課,葵区城東町２４番１号,34.986211,138.387609,249-3170,8：30～17：15　月～金(祝日・年末年始を除く）　,警備員室・守衛室へ声をお掛けください。,,1,1,保健所棟２階生活衛生課前,,,,,,,
114,,藁科保健福祉センター,葵健康支援課,葵区羽鳥本町５番10号,34.983841,138.328271,277-6712,休館日以外の8：30～17：15（休館日：土日祝日及び12月29日から翌年の1月3日までの日）,時間外利用不可,,1,1,事務室,,,,,,,
115,観光施設等,梅ヶ島コンヤの里,中山間地振興課,葵区梅ヶ島４１９８番地の２,35.265206,138.330406,269-2328,月～日曜日 9:00～17:00（ナイター時は21:00まで）,時間外利用不可,,1,1,テニスコート管理棟、事務所入口,,,,,,,
116,,梅ヶ島新田温泉浴場,中山間地振興課,葵区梅ヶ島５３４２番地の３,35.285412,138.339999,269-2615,月曜日以外 8:00～18:00（12～3月は17:00まで）,時間外利用不可,,1,1,事務室内,,,,,,,
117,,駿府城跡観光バス駐車場,観光交流課,葵区追手町４番１６号,34.976595,138.384796,255-6868,8:30～17:00年中無休,時間外利用不可,,1,1,管理事務所内,,,,,,,
118,,口坂本温泉浴場,中山間地振興課,葵区口坂本６５２番地,35.181802,138.273757,297-2155,9:30～16:30水曜日以外,時間外利用不可,,1,1,事務室内,,,,,,,
119,,高山・市民の森,中山間地振興課,葵区水見色２１２９番地の２３,35.036911,138.288635,-,9:00～15:00第２・第４月曜日と年末年始（12/26～1/6）以外,時間外利用不可,,1,1,学習展示施設「森の恵」受付カウンター上,,,,,,,
120,,楢尾クリエーターズビレッジ,中山間地振興課,葵区楢尾３２９番地,35.121172,138.214704,-,無人施設,時間外利用不可,,1,1,正面入口右側,,,,,,,
121,,日影沢親水園「魚魚の里」,中山間地振興課,葵区梅ケ島５０３６－２,35.283829,138.343849,269-2380,10:00～16:00月曜日以外,時間外利用不可,,1,1,食事処「魚魚の家」レジカウンター下,,,,,,,
122,,南アルプス赤石温泉白樺荘,中山間地振興課,葵区田代１１１０番地の５,35.307024,138.196501,260-2021,0:00～24:00月～日曜日,時間外利用不可,,1,1,事務室内,,,,,,,
123,,湯ノ島温泉浴場,中山間地振興課,葵区湯ノ島３０４番地の３,35.107576,138.22745,291-2177,9:30～16:30木曜日以外,時間外利用不可,,1,1,事務室内,,,,,,,
124,公園等,駿府城公園二の丸施設管理事務所（茶室横）,公園整備課,葵区駿府城公園１番１号,34.980759,138.381787,-,火曜日～日曜日(月曜日が祝日の場合は開園)9:00～16:00利用可能12月29日～翌年１月３日までは、休園のため使用不可,時間外利用不可,,1,1,事務室内,,,,,,,
125,,田町公園（プール開催期間中のみ）,公園整備課,葵区田町三丁目４６番地５,34.97086,138.367075,-,プール開催期間の開園時間のみ,時間外利用不可,,1,1,管理室内(開催期間),,,,,,,
126,小学校,市立葵小学校,教育施設課,葵区城内町７－９,34.982286,138.383032,255-3471,月曜～金曜8:15～16:45（ただし、国民の祝日、年末年始、行事等の振替休日は不可）,時間外利用不可,,1,1,１階玄関ロビー,,,,,,,
127,,市立麻機小学校,教育施設課,葵区有永４２１－１,35.025695,138.389494,245-9826,月曜～金曜8:15～16:45（ただし、国民の祝日、年末年始、行事等の振替休日は不可）,時間外利用不可,,1,1,南校舎中央ホール1階保健室側壁面,,,,,,,
128,,市立足久保小学校,教育施設課,葵区足久保奥組７４１－１,35.061217,138.338312,296-0051,月曜～金曜8:15～16:45（ただし、国民の祝日、年末年始、行事等の振替休日は不可）,時間外利用不可,,1,1,１階玄関ロビー,,,,,,,
129,,市立安倍口小学校,教育施設課,葵区安倍口新田５０,35.022381,138.359808,296-0005,月曜～金曜8:15～16:45（ただし、国民の祝日、年末年始、行事等の振替休日は不可）,時間外利用不可,,1,1,体育館,,,,,,,
130,,市立安西小学校,教育施設課,葵区安西一丁目９６－３,34.980939,138.374285,271-1551,月曜～金曜8:15～16:45（ただし、国民の祝日、年末年始、行事等の振替休日は不可）,時間外利用不可,,1,1,１階玄関ロビー,,,,,,,
131,,市立安東小学校,教育施設課,葵区安東三丁目１６－１,34.991749,138.383442,245-2638,月曜～金曜8:15～16:45（ただし、国民の祝日、年末年始、行事等の振替休日は不可）,時間外利用不可,,1,1,１階玄関ロビー,,,,,,,
132,,市立井川小学校,教育施設課,葵区井川７０８－１,35.223464,138.23909,260-2004,月曜～金曜8:15～16:45（ただし、国民の祝日、年末年始、行事等の振替休日は不可）,時間外利用不可,,1,1,体育館入口,,,,,,,
133,,市立井宮小学校,教育施設課,葵区平和一丁目７－１,34.988444,138.366769,271-5288,月曜～金曜8:15～16:45（ただし、国民の祝日、年末年始、行事等の振替休日は不可）,時間外利用不可,,1,2,１階職員室前廊下,,,,,,,
134,,市立井宮小学校,教育施設課,葵区平和一丁目７－１,34.988444,138.366769,271-5288,月曜～金曜8:15～16:45（ただし、国民の祝日、年末年始、行事等の振替休日は不可）,時間外利用不可,,,,体育館入口,,,,,,,
135,,市立井宮北小学校,教育施設課,葵区上伝馬２－１,35.00465,138.368699,272-1326,月曜～金曜8:15～16:45（ただし、国民の祝日、年末年始、行事等の振替休日は不可）,時間外利用不可,,1,1,１階職員室前廊下,,,,,,,
136,,市立梅ケ島小学校,教育施設課,葵区梅ケ島１３０９－１,35.243925,138.339792,269-2009,月曜～金曜8:15～16:45（ただし、国民の祝日、年末年始、行事等の振替休日は不可）,時間外利用不可,,1,1,１階職員室前廊下,,,,,,,
137,,市立大川小学校,教育施設課,葵区日向８５３,35.091968,138.242054,291-2004,月曜～金曜8:15～16:45（ただし、国民の祝日、年末年始、行事等の振替休日は不可）,時間外利用不可,,1,1,１階玄関ロビー,,,,,,,
138,,市立大河内小学校,教育施設課,葵区平野１８５０－３,35.148559,138.36133,293-2303,月曜～金曜8:15～16:45（ただし、国民の祝日、年末年始、行事等の振替休日は不可）,時間外利用不可,,1,1,１階保健室前廊下,,,,,,,
139,,市立北沼上小学校,教育施設課,葵区北沼上１０２０,35.04746,138.42391,266-2021,月曜～金曜8:15～16:45（ただし、国民の祝日、年末年始、行事等の振替休日は不可）,時間外利用不可,,1,1,１階玄関ロビー,,,,,,,
140,,市立清沢小学校,教育施設課,葵区相俣９９－１,35.033241,138.245701,295-3010,月曜～金曜8:15～16:45（ただし、国民の祝日、年末年始、行事等の振替休日は不可）,時間外利用不可,,1,1,１階保健室前廊下,,,,,,,
141,,市立駒形小学校,教育施設課,葵区南安倍二丁目１－１,34.961578,138.373105,252-3340,月曜～金曜8:15～16:45（ただし、国民の祝日、年末年始、行事等の振替休日は不可）,時間外利用不可,,1,1,１階西昇降口,,,,,,,
142,,市立賤機北小学校,教育施設課,葵区俵沢２３４－１,35.108179,138.367314,294-0004,月曜～金曜8:15～16:45（ただし、国民の祝日、年末年始、行事等の振替休日は不可）,時間外利用不可,,1,1,体育館入口,,,,,,,
143,,市立賤機中小学校,教育施設課,葵区牛妻２０９５－２,35.064904,138.369815,294-0003,月曜～金曜8:15～16:45（ただし、国民の祝日、年末年始、行事等の振替休日は不可）,時間外利用不可,,1,1,１階保健室前廊下,,,,,,,
144,,市立賤機南小学校,教育施設課,葵区松富三丁目１－４６,35.014482,138.374721,271-2335,月曜～金曜8:15～16:45（ただし、国民の祝日、年末年始、行事等の振替休日は不可）,時間外利用不可,,1,1,１階玄関ロビー,,,,,,,
145,,市立城北小学校,教育施設課,葵区北安東四丁目２７－３,35.002784,138.387933,246-4111,月曜～金曜8:15～16:45（ただし、国民の祝日、年末年始、行事等の振替休日は不可）,時間外利用不可,,1,1,１階玄関ロビー,,,,,,,
146,,市立新通小学校,教育施設課,葵区駒形通二丁目４－４７,34.97019,138.37711,252-1301,月曜～金曜8:15～16:45（ただし、国民の祝日、年末年始、行事等の振替休日は不可）,時間外利用不可,,1,1,体育館入口,,,,,,,
147,,市立玉川小学校,教育施設課,葵区落合１０３－３,35.110433,138.333703,292-2012,月曜～金曜8:15～16:45（ただし、国民の祝日、年末年始、行事等の振替休日は不可）,時間外利用不可,,1,1,児童昇降口,,,,,,,
148,,市立田町小学校,教育施設課,葵区田町五丁目７０,34.967316,138.366806,255-3428,月曜～金曜8:15～16:45（ただし、国民の祝日、年末年始、行事等の振替休日は不可）,時間外利用不可,,1,1,１階玄関ロビー,,,,,,,
149,,市立千代田小学校,教育施設課,葵区沓谷五丁目４７－１,34.996152,138.40686,261-2685,月曜～金曜8:15～16:45（ただし、国民の祝日、年末年始、行事等の振替休日は不可）,時間外利用不可,,1,1,１階玄関ロビー,,,,,,,
150,,市立千代田東小学校,教育施設課,葵区川合三丁目４－１,35.005815,138.413867,262-1842,月曜～金曜8:15～16:45（ただし、国民の祝日、年末年始、行事等の振替休日は不可）,時間外利用不可,,1,1,１階職員室前廊下,,,,,,,
151,,市立伝馬町小学校,教育施設課,葵区伝馬町１４－２,34.975362,138.391289,254-9185,月曜～金曜8:15～16:45（ただし、国民の祝日、年末年始、行事等の振替休日は不可）,時間外利用不可,,1,1,１階玄関ロビー,,,,,,,
152,,市立中藁科小学校,教育施設課,葵区大原９４２－１,35.00975,138.276204,279-0130,月曜～金曜8:15～16:45（ただし、国民の祝日、年末年始、行事等の振替休日は不可）,時間外利用不可,,1,1,１階職員室前廊下,,,,,,,
153,,市立中藁科小学校小布杉分校,教育施設課,葵区小布杉１７５６－１,34.998423,138.243544,270-1301,月曜～金曜8:15～16:45（ただし、国民の祝日、年末年始、行事等の振替休日は不可）,時間外利用不可,,1,1,１階玄関ロビー,,,,,,,
154,,市立西奈小学校,教育施設課,葵区瀬名三丁目２３－１,35.023118,138.422005,261-3041,月曜～金曜8:15～16:45（ただし、国民の祝日、年末年始、行事等の振替休日は不可）,時間外利用不可,,1,1,１階職員室前廊下,,,,,,,
155,,市立西奈南小学校,教育施設課,葵区南瀬名町１－２０,35.002232,138.422622,263-5544,月曜～金曜8:15～16:45（ただし、国民の祝日、年末年始、行事等の振替休日は不可）,時間外利用不可,,1,1,１階玄関ロビー,,,,,,,
156,,市立服織小学校,教育施設課,葵区羽鳥六丁目９－１,34.985655,138.336628,278-6322,月曜～金曜8:15～16:45（ただし、国民の祝日、年末年始、行事等の振替休日は不可）,時間外利用不可,,1,1,１階玄関ロビー,,,,,,,
157,,市立服織西小学校,教育施設課,葵区新間７５９－１－１,34.994361,138.307442,278-9793,月曜～金曜8:15～16:45（ただし、国民の祝日、年末年始、行事等の振替休日は不可）,時間外利用不可,,1,1,１階廊下,,,,,,,
158,,市立番町小学校,教育施設課,葵区新富町一丁目２３－１,34.975282,138.368947,253-2148,月曜～金曜8:15～16:45（ただし、国民の祝日、年末年始、行事等の振替休日は不可）,時間外利用不可,,1,1,体育館入口,,,,,,,
159,,市立松野小学校,教育施設課,葵区松野５９８－２,35.076427,138.367353,294-0002,月曜～金曜8:15～16:45（ただし、国民の祝日、年末年始、行事等の振替休日は不可）,時間外利用不可,,1,1,１階玄関ロビー,,,,,,,
160,,市立水見色小学校,教育施設課,葵区水見色１０４０－３,35.038342,138.294487,279-0123,月曜～金曜8:15～16:45（ただし、国民の祝日、年末年始、行事等の振替休日は不可）,時間外利用不可,,1,1,１階玄関ロビー,,,,,,,
161,,市立南藁科小学校,教育施設課,葵区吉津４００,34.979435,138.315311,278-9734,月曜～金曜8:15～16:45（ただし、国民の祝日、年末年始、行事等の振替休日は不可）,時間外利用不可,,1,1,１階玄関ロビー,,,,,,,
162,,市立峰山小学校,教育施設課,葵区黒俣２７４１－１６,35.068763,138.206743,295-3131,月曜～金曜8:00～16:30（ただし、国民の祝日、年末年始、行事等の振替休日は不可）,時間外利用不可,,1,1,１階玄関ロビー,,,,,,,
163,,市立美和小学校,教育施設課,葵区遠藤新田６９－１,35.030058,138.368421,296-0700,月曜～金曜8:15～16:45（ただし、国民の祝日、年末年始、行事等の振替休日は不可）,時間外利用不可,,1,1,１階玄関ロビー,,,,,,,
164,,市立横内小学校,教育施設課,葵区緑町１－１,34.986094,138.392892,245-4695,月曜～金曜8:15～16:45（ただし、国民の祝日、年末年始、行事等の振替休日は不可）,時間外利用不可,,1,2,１階職員室前廊下,,,,,,,
165,,市立横内小学校,教育施設課,葵区緑町１－１,34.986094,138.392892,245-4695,月曜～金曜8:15～16:45（ただし、国民の祝日、年末年始、行事等の振替休日は不可）,時間外利用不可,,,,体育館入口,,,,,,,
166,,市立竜南小学校,教育施設課,葵区竜南一丁目２３－１,34.999059,138.396316,246-3061,月曜～金曜8:15～16:45（ただし、国民の祝日、年末年始、行事等の振替休日は不可）,時間外利用不可,,1,1,１階玄関ロビー,,,,,,,
167,中学校,市立安倍川中学校,教育施設課,葵区弥勒二丁目１１－１,34.963258,138.368433,252-6148,月曜～金曜8:15～16:45（ただし、国民の祝日、年末年始、行事等の振替休日は不可）,時間外利用不可,,1,1,２階事務室前廊下,,,,,,,
168,,市立安東中学校,教育施設課,葵区安東三丁目１３－１,34.993027,138.384295,246-6418,月曜～金曜8:15～16:45（ただし、国民の祝日、年末年始、行事等の振替休日は不可）,時間外利用不可,,1,1,１階玄関ロビー,,,,,,,
169,,市立井川中学校,教育施設課,葵区井川１５６１－３,35.219245,138.235432,260-2200,月曜～金曜8:15～16:45（ただし、国民の祝日、年末年始、行事等の振替休日は不可）,時間外利用不可,,1,1,１階体育館寄りトイレ前,,,,,,,
170,,市立梅ケ島中学校,教育施設課,葵区梅ケ島１３０９－１,35.243925,138.339792,269-2148,月曜～金曜8:15～16:45（ただし、国民の祝日、年末年始、行事等の振替休日は不可）,時間外利用不可,,1,1,体育館,,,,,,,
171,,市立大川中学校,教育施設課,葵区日向８７６,35.092379,138.24091,291-2031,月曜～金曜8:15～16:45（ただし、国民の祝日、年末年始、行事等の振替休日は不可）,時間外利用不可,,1,1,体育館入口の階段下,,,,,,,
172,,市立大河内中学校,教育施設課,葵区平野１８５０－６６,35.149384,138.36168,293-2004,月曜～金曜8:15～16:45（ただし、国民の祝日、年末年始、行事等の振替休日は不可）,時間外利用不可,,1,1,体育館,,,,,,,
173,,市立籠上中学校,教育施設課,葵区平和二丁目２－１,34.991899,138.366649,271-6105,月曜～金曜8:15～16:45（ただし、国民の祝日、年末年始、行事等の振替休日は不可）,時間外利用不可,,1,1,南校舎１階玄関ホール,,,,,,,
174,,市立観山中学校,教育施設課,葵区観山８－２,35.01331,138.393597,247-4812,月曜～金曜8:10～16:40（ただし、国民の祝日、年末年始、行事等の振替休日は不可）,時間外利用不可,,1,1,１階職員室前廊下,,,,,,,
175,,市立賤機中学校,教育施設課,葵区下１３５３－１,35.031358,138.377062,294-9503,月曜～金曜8:15～16:45（ただし、国民の祝日、年末年始、行事等の振替休日は不可）,時間外利用不可,,1,1,１階玄関ロビー,,,,,,,
176,,市立城内中学校,教育施設課,葵区駿府町１－１０７,34.977042,138.385679,254-5486,月曜～金曜8:15～16:45（ただし、国民の祝日、年末年始、行事等の振替休日は不可）,時間外利用不可,,1,1,１階保健室前廊下,,,,,,,
177,,市立末広中学校,教育施設課,葵区末広町４１,34.982917,138.372183,271-8171,月曜～金曜8:15～16:45（ただし、国民の祝日、年末年始、行事等の振替休日は不可）,時間外利用不可,,1,1,１階玄関ロビー,,,,,,,
178,,市立玉川中学校,教育施設課,葵区落合８４０,35.116357,138.326884,292-2014,月曜～金曜8:15～16:45（ただし、国民の祝日、年末年始、行事等の振替休日は不可）,時間外利用不可,,1,1,玄関ロビー,,,,,,,
179,,市立西奈中学校,教育施設課,葵区東瀬名町１４－１,35.011356,138.427519,261-3040,月曜～金曜8:10～16:40（ただし、国民の祝日、年末年始、行事等の振替休日は不可）,時間外利用不可,,1,1,１階職員室前廊下,,,,,,,
180,,市立服織中学校,教育施設課,葵区羽鳥一丁目８－１,34.980972,138.344408,278-9731,月曜～金曜8:15～16:45（ただし、国民の祝日、年末年始、行事等の振替休日は不可）,時間外利用不可,,1,1,１階保健室前廊下,,,,,,,
181,,市立東中学校,教育施設課,葵区沓谷一丁目６－１,34.985889,138.39718,245-3695,月曜～金曜8:10～16:40（ただし、国民の祝日、年末年始、行事等の振替休日は不可）,時間外利用不可,,1,1,１階玄関ロビー,,,,,,,
182,,市立美和中学校,教育施設課,葵区足久保口組３２７６－２,35.043793,138.368002,296-0009,月曜～金曜8:15～16:45（ただし、国民の祝日、年末年始、行事等の振替休日は不可）,時間外利用不可,,1,1,体育館,,,,,,,
183,,市立竜爪中学校,教育施設課,葵区瀬名七丁目３１－４０,35.030395,138.423708,264-1100,月曜～金曜8:15～16:45（ただし、国民の祝日、年末年始、行事等の振替休日は不可）,時間外利用不可,,1,1,１階玄関ロビー,,,,,,,
184,,市立藁科中学校,教育施設課,葵区大原１３９８－１,35.009164,138.28185,279-0120,月曜～金曜8:05～16:35（ただし、国民の祝日、年末年始、行事等の振替休日は不可）,時間外利用不可,,1,1,１階玄関ロビー,,,,,,,
185,高校,市立高等学校,市立高等学校,葵区千代田三丁目１番１号,34.993241,138.398824,245-0417,8:15～17:00（平日）※上記時間・曜日以外でも施設利用時であれば利用可能。（利用施設により使用できるＡＥＤに制限有）,時間外利用不可,,1,4,①２階廊下,,,,,,,
186,,,,,34.993241,138.398824,,8:15～17:00（平日）※上記時間・曜日以外でも施設利用時であれば利用可能。（利用施設により使用できるＡＥＤに制限有）,時間外利用不可,,,,②体育教官室入口（屋外）,,,,,,,
187,,,,,34.993241,138.398824,,8:15～17:00（平日）※上記時間・曜日以外でも施設利用時であれば利用可能。（利用施設により使用できるＡＥＤに制限有）,時間外利用不可,,,,③体育館１階（屋外）,,,,,,,
188,,,,,34.993241,138.398824,,8:15～17:00（平日）※上記時間・曜日以外でも施設利用時であれば利用可能。（利用施設により使用できるＡＥＤに制限有）,時間外利用不可,,,,④２階廊下,,,,,,,
189,青少年教育施設,井川少年自然の家,教育総務課,葵区井川３０５５番地の１,35.206494,138.255411,260-2761,休所日（月曜日、月曜日が祝日の場合はその翌日、12月28日～1月4日、変更する場合あり）以外の職員勤務時間（8：30～17：15、宿泊利用のあるときはこの限りでない）,時間外利用不可,,1,1,正面入口右側,,,,,,,
190,水道施設,上下水道局庁舎（平成27年12月15日～(予定)）,水道総務課,葵区七間町１５番地の１,34.972535,138.379641,,24時間,警備員室・守衛室へ声をお掛けください。,,-,-,３Fフロア　１Fフロア,,,,,,,
191,下水処理場,城北浄化センター,下水道施設課,葵区加藤島１番地の１,35.006423,138.402724,261-2981,月～金（祝日、12/29～1/3を除く）　8:30～17:15,要電話,,1,1,管理棟２階玄関ホール（中央操作室側）,,,,,,,
192,その他,愛宕霊園,戸籍管理課,葵区沓谷１３３３番地の１,34.993474,138.410259,261-2555,年末年始（12月29日から翌年１月３日）以外の９時から16時まで,時間外利用不可,,1,1,管理事務所内,,,,,,,
193,,静岡授産福祉センター（田町本所）,商業労政課,葵区田町四丁目１６番地,34.970735,138.368383,254-6205,8:00～17:00（土・日曜日、祝日、12/29～1/4を除く）,時間外利用不可,,1,1,１階受付事務室,,,,,,,
194,,静岡斎場,戸籍管理課,葵区慈悲尾４７２番地の１,34.994823,138.35213,276-2000,１月１日及び毎年市長が指定する休場日（友引日）以外の９時から17時まで,時間外利用不可,,1,1,待合棟１階廊下壁面,,,,,,,
195,,追手町自転車等駐車場,交通政策課,葵区追手町８番７号,34.97639,138.38071,272-5757,5：30～23：30,時間外利用不可,,1,1,管理人室横,,,,,,,
196,,青葉通り自転車等駐車場,交通政策課,葵区呉服町二丁目３番１号,34.974165,138.382904,255-5990,5：30～23：30,時間外利用不可,,1,1,管理人室前,,,,,,,
197,,黒金町西第１駐輪場,交通政策課,葵区黒金町３８番１号,34.970935,138.386354,272-5587,5：30～23：30,時間外利用不可,,1,1,管理人室内,,,,,,,
198,,東静岡駅北口自転車等駐車場,交通政策課,葵区長沼７４４番１０号,34.993222,138.416217,264-6366,４：30～24：30,時間外利用不可,,1,1,管理人室内,,,,,,,
199,,静岡ヘリポート,交通政策課,葵区諏訪８番１０号,35.023124,138.408729,265-5500,7：00～19：00（日没が19：00前の時は日没まで）,時間外利用不可,,1,1,管理事務所入口横,,,,,,,
200,,東静岡駅南口自転車等駐車場,交通政策課,葵区長沼７４４番１０号（北口）,34.993222,138.416217,264-6366,４：30～24：30,時間外利用不可,,1,1,施設内中央,,,,,,,
201,,中央卸売市場,中央卸売市場,葵区流通センター１番１号,35.012608,138.405596,263-3415,24時間365日,警備員室・守衛室へ声をお掛けください。,,1,1,北門守衛室,,,,,,,
202,,西ケ谷資源循環体験プラザ,ごみ減量推進課,葵区西ケ谷５５３番地の２,35.015379,138.349915,294-7451,9:00～16:00（月曜日・火曜日・年末年始を除く）,時間外利用不可,,1,1,体験プラザ１階事務所受付横,,,,,,,
203,,西ケ谷清掃工場,廃棄物処理課,葵区西ケ谷５５３番地,35.015379,138.349915,296-0054,8：30～17：15（月～金）8：30～12：15（土）,時間外利用不可,,1,2,管理棟１階ホール事務室前,,,,,,,
204,,,,,35.015379,138.349915,,8：30～17：15（月～金）8：30～12：15（土）,時間外利用不可,,,,,,,,,,,
205,,沼上資源循環学習プラザ,ごみ減量推進課,葵区南沼上１２１７番地の１,35.023982,138.410824,207-8971,9:00～16:00（日曜日・年末年始を除く）,時間外利用不可,,1,1,学習プラザ１階事務所受付横,,,,,,,
206,,沼上清掃工場,廃棄物処理課,葵区南沼上１２２４番地,35.023054,138.411542,262-4015,8：30～17：15（月～金）8：30～12：15（土）,時間外利用不可,,1,2,管理棟１階事務所受付横,,,,,,,
207,,,,,35.023054,138.411542,,8：30～17：15（月～金）8：30～12：15（土）,時間外利用不可,,,,沼上清掃工場　仮置,,,,,,,
208,,沼上霊園,戸籍管理課,葵区南沼上２０５２番地の３５２,35.02917,138.412368,262-4511,年末年始（12月29日から翌年１月３日）以外の９時から16時まで,時間外利用不可,,1,1,管理事務所内,,,,,,,
209,,東部学校給食センター,学校給食課,葵区東瀬名町１４番２号,35.012045,138.427247,262-1205,8:00～16：45月～金(祝日除く）,時間外利用不可,,1,1,玄関ホール,,,,,,,
210,市庁舎・区役所等,長田支所,駿河区役所長田支所　,駿河区上川原１３番１号,34.945907,138.365418,259-5522,8:30～17：15月～金(祝日除く）,時間外利用不可,,1,1,事務所内,,,,,,,
211,,駿河区役所,駿河区役所地域総務課,駿河区南八幡町１０番４０号,34.960745,138.40406,202-5811,8:30～17:15月～金(祝日除く),警備員室・守衛室へ声をお掛けください。,,1,2,①１階中央階段横廊下,,,,,,,
212,,,,,34.960745,138.40406,,8:30～17:15月～金(祝日除く),警備員室・守衛室へ声をお掛けください。,,,,②２階中央階段横廊下,,,,,,,
213,,駿河区役所地域総務課（イベント貸出用）,シティプロモーション課,駿河区南八幡町１０番４０号,34.960745,138.40406,202-5811,貸出受付は8:30～17:15　月～金(祝日除く)使用日直近営業日に貸出、使用後直近営業日に返却（要予約）,時間外利用不可,,―,2,＊駿河区役所地域総務課にて貸出受付,,,,,,,
214,,駿河区役所地域総務課（イベント貸出用）,観光・シティプロモーション課,,34.960745,138.40406,202-5811,貸出し専用(要予約）,警備員室・守衛室へ声をお掛けください。,,―,2,＊駿河区役所地域総務課にて貸出受付,,,,,,,
215,スポーツ施設等,有度山総合公園運動施設,スポーツ振興課,駿河区小鹿１８８３番地の４,34.973008,138.440263,264-2722,9:00～17:00（年末年始除く）※季節により変更あり,時間外利用不可,,1,1,事務室内,,,,,,,
216,,長田体育館,スポーツ振興課,駿河区鎌田５７４番地の１,34.938864,138.363315,257-3411,8:30～21:00（年末年始除く）,時間外利用不可,,1,1,１階靴箱上（事務所入口）,,,,,,,
217,,中島人工芝多目的スポーツグラウンド,スポーツ振興課,駿河区中島１７１１番地の１,34.933617,138.397862,221-1071,6:30～18：30（年末年始除く）※季節により変更あり,時間外利用不可,,1,1,更衣室内,,,,,,,
218,,南部体育館,スポーツ振興課,駿河区曲金三丁目１番３０号,34.97291,138.405395,285-1133,8:30～21:00（年末年始除く）,時間外利用不可,,1,1,１階中央ホール,,,,,,,
219,,用宗海水浴場（海水浴場開設期間のみ）,観光交流課,駿河区用宗,34.921871,138.359313,221-1421,8:30～17:00開設期間のみ,時間外利用不可,,1,1,管理事務所内（開設期間のみ）,,,,,,,
220,生涯学習施設,大里生涯学習センター,生涯学習推進課,駿河区中野新田５７番地の５,34.952193,138.38518,283-1698,8:30～21:45 月曜日・祝日以外の曜日（市民サービスコーナーとの複合館であるため、月曜日においては8:30～17:15の間利用可能）,時間外利用不可,,1,1,１階玄関ホール事務室横,,,,,,,
221,,長田生涯学習センター,生涯学習推進課,駿河区寺田１３１番地の１,34.939236,138.358627,257-0780,8:30～21:45月曜日・祝日以外の曜日,時間外利用不可,,1,1,１階玄関ホール受付カウンター横,,,,,,,
222,,駿河生涯学習センター（来・て・こ）,生涯学習推進課,駿河区小鹿二丁目２５番４５号,34.97278,138.421085,202-4300,休館日以外の8:30～21：45　　休館日：日曜、年末年始（12/28 ～1/5）　,時間外利用不可,,1,1,１階玄関学習センター受付カウンター事務室入り口左側部,,,,,,,
223,,南部生涯学習センター,生涯学習推進課,駿河区南八幡町２５番２１号,34.961597,138.404976,281-2184,8:30～21:45 月曜日・祝日以外の曜日（地域福祉推進センターが併設しているため、月曜日においては8:30～17:00の間利用可能）,時間外利用不可,,1,1,１階玄関ホール事務室横,,,,,,,
224,図書館,長田図書館,中央図書館,駿河区上川原１３番１号,34.945907,138.365418,259-7878,火～金曜日は9:30～19:00、土・日曜日は9:30～17:00。ただし、毎週月曜日・国民の祝日・第４水曜日（祝日の場合は翌日）、所蔵点検期間中、年末年始は休館日で利用不可。,時間外利用不可,,1,1,受付カウンター横,,,,,,,
225,,南部図書館,中央図書館,駿河区南八幡町３番１号,34.962908,138.401358,288-2151,月～金曜日は9:30～19:00、土・日曜日国民の祝日は9:30～17:00。ただし、毎月第２月曜日・第４水曜日（祝日の場合は翌日）、祝日の次の平日、所蔵点検期間中、年末年始は休館日で利用不可。,時間外利用不可,,1,1,２階エレベーター付近,,,,,,,
226,文化施設等,旧エンバーソン住宅,歴史文化課,駿河区池田２８６４番５２号,34.978638,138.442217,-,土曜・日曜・祝日（12月26日から1月5日を除く）9:00～16:30,時間外利用不可,,1,1,玄関,,,,,,,
227,,旧マッケンジー住宅,歴史文化課,駿河区高松２８５２番地,34.945632,138.419435,237-0573,休館日（月曜日（祝日以外）、祝日の翌日（土・日以外）、年末年始（12月26日～1月5日））を除く日　9:00～16:30,時間外利用不可,,1,1,玄関,,,,,,,
228,,静岡科学館,文化振興課,駿河区南町１４番２５号エスパティオ８～１０階,34.970707,138.390376,284-6960,9：30～17：00休館日以外 （休館日：毎週月曜日（休日の場合はその翌日）、年末年始、臨時休館日）,時間外利用不可,,1,1,８階特別避難階段入口横,,,,,,,
229,,芹沢銈介美術館,文化振興課,駿河区登呂五丁目10番５号,34.955098,138.408224,282-5522,8:30～17：15休館日以外（休館日：月曜日、祝日の翌日、展示替え期間中、年末年始）,時間外利用不可,,1,1,１階事務室内,,,,,,,
230,,治水交流資料館,河川課,駿河区大谷二丁目２４番１１号,34.948363,138.426151,237-1322,8：30～17：15　火～日（月が祝日の場合は翌日以降の最初の平日が休館・年末年始12/27～1/4）,時間外利用不可,,1,1,館内出入口付近,,,,,,,
231,,登呂博物館,歴史文化課,駿河区登呂五丁目１０番５号,34.955098,138.408535,285-0476,火～日曜日 8:30～17：15休館日：月曜日、祝日の翌日、年末年始、臨時休館日,時間外利用不可,,1,1,１階西側入口左側,,,,,,,
232,福祉施設等,長田児童館,子ども未来課,駿河区上川原１３－１,34.945907,138.365736,259-4800,9：00～17：30（月曜日（祝日を除く）、祝日の翌日、毎月第３日曜日、年末年始は除く）,時間外利用不可,,1,1,遊戯室入口,,,,,,,
233,,豊田児童館,子ども未来課,駿河区小鹿二丁目２６－１,34.974352,138.420877,281-4718,9：00～17：30（月曜日（祝日を除く）、祝日の翌日、毎月第３日曜日、年末年始は除く）,時間外利用不可,,1,1,玄関ホール,,,,,,,
234,,中島児童館,子ども未来課,駿河区中島２９９２,34.941366,138.399292,289-5316,9：00～17：30（月曜日（祝日を除く）、祝日の翌日、毎月第３日曜日、年末年始は除く）,時間外利用不可,,1,1,玄関ホール,,,,,,,
235,,用宗老人福祉センター,高齢者福祉課,駿河区用宗五丁目２１番１０号,34.919024,138.362776,257-2022,火～日（休館日除く）9：00～16：00,時間外利用不可,,1,1,１階ロビー公衆電話横,,,,,,,
236,こども園,小黒こども園,こども園課,駿河区小黒一丁目７番６号,34.975032,138.40122,285-3718,7:30～18:00(月～土）,時間外利用不可,,1,1,１階玄関,,,,,,,
237,,下川原こども園,こども園課,駿河区下川原六丁目８番26号,34.933584,138.37395,258-5958,7:00～19:00(月～土）,時間外利用不可,,1,1,１階玄関左側壁,,,,,,,
238,,駿河待機児童園,こども園課,駿河区登呂三丁目２番２９号,34.958831,138.405604,289-8022,7:00～19:00(月～土）,時間外利用不可,,1,1,玄関,,,,,,,
239,,高松こども園,こども園課,駿河区敷地二丁目７番１４号,34.949318,138.412752,237-6740,7:00～19:00(月～土）,時間外利用不可,,1,1,１階玄関,,,,,,,
240,,登呂こども園,こども園課,駿河区登呂三丁目１９番１号,34.958453,138.407637,285-8592,7:00～19:00(月～土）,時間外利用不可,,1,1,１階園庭側出入り口（職員靴箱の上）,,,,,,,
241,,中田こども園,こども園課,駿河区馬渕四丁目２番２９号,34.962561,138.392477,282-7905,7:00～19:00(月～土）,時間外利用不可,,1,1,１階玄関,,,,,,,
242,,中村町こども園,こども園課,駿河区中村町９４番地,34.953867,138.392345,281-9832,7:00～19:00(月～土）,時間外利用不可,,1,1,１階玄関,,,,,,,
243,,東新田こども園,こども園課,駿河区東新田四丁目１番４０号,34.944791,138.376063,257-0256,7:00～19:00(月～土）,時間外利用不可,,1,1,１階玄関事務所前,,,,,,,
244,,東豊田中央こども園,こども園課,駿河区国吉田六丁目７番２９号,34.990339,138.436837,261-6320,7:00～19:00(月～土）,時間外利用不可,,1,1,１階玄関ロビー,,,,,,,
245,,広野こども園,こども園課,駿河区広野六丁目１１番１号,34.929009,138.373984,259-5195,7:00～19:00(月～土）,時間外利用不可,,1,1,１階玄関左壁,,,,,,,
246,,富士見台こども園,こども園課,駿河区富士見台二丁目１１番４４号,34.963134,138.418315,282-6188,7:00～19:00(月～土）,時間外利用不可,,1,1,１階玄関,,,,,,,
247,,丸子こども園,こども園課,駿河区丸子二丁目１８番３２号,34.942872,138.355927,259-9810,7:00～19:00(月～土）,時間外利用不可,,1,1,１階玄関,,,,,,,
248,,用宗こども園,こども園課,駿河区用宗五丁目１８番７号,34.918335,138.361606,259-2702,7:30～18:00(月～土）,時間外利用不可,,1,1,１階玄関正面階段右側壁,,,,,,,
249,,八幡こども園,こども園課,駿河区八幡二丁目１５番２０号,34.97161,138.397706,285-4049,7:00～19:00(月～土）,時間外利用不可,,1,1,１階玄関,,,,,,,
250,,大谷こども園,こども園課,駿河区西大谷６番地の８,34.954098,138.427146,237-2476,7：00～18：00（月～金）,時間外利用不可,,1,1,１階玄関,,,,,,,
251,,久能こども園,こども園課,駿河区青沢２４０番地,34.955598,138.451465,237-1713,7：00～18：00（月～金）,時間外利用不可,,1,1,１階玄関,,,,,,,
252,,東豊田こども園,こども園課,駿河区池田４９２－２番地の２,34.984043,138.424389,262-0096,7：00～18：00（月～金）,時間外利用不可,,1,1,職員室,,,,,,,
254,観光施設等,駿府匠宿,産業振興課,駿河区丸子３２４０番地の１,34.953467,138.33301,256-1521,9:00～17:00※7月20日～8月31日までは9:00～18:00（12月30日～1月1日は除く）,時間外利用不可,,1,1,匠宿内施設「駿府工芸館」内、入口右側壁,,,,,,,
255,,日本平動物園,日本平動物園,駿河区池田１７６７番地の６,34.980404,138.43803,262-3251,9:00～16:30※休園日を除く,時間外利用不可,,1,2,エントランス事務所内カウンター左側,,,,,,,
256,,,,,34.980404,138.43803,,9:00～16:30※休園日を除く,時間外利用不可,,,,東門入園ゲート,,,,,,,
257,公園等,大浜公園（プール開催期間中のみ）,公園整備課,駿河区西島１３８０番地,34.940316,138.408611,-,プール開催期間の開園時間のみ,時間外利用不可,,1,1,管理棟２階事務室内(開催期間),,,,,,,
258,,下川原公園（プール開催期間中のみ）,公園整備課,駿河区下川原六丁目２４番地６,34.932861,138.377242,-,プール開催期間の開園時間のみ,時間外利用不可,,1,1,管理棟２階事務室内(開催期間),,,,,,,
259,,東新田公園（徒渉池開催期間中のみ）,公園整備課,駿河区東新田四丁目９２４番地,34.942819,138.374278,-,プール開催期間の開園時間のみ（平成28年度からは設置しない）,時間外利用不可,,1,1,徒渉池横監視員待機場所(開催期間),,,,,,,
260,,広野海岸公園管理棟,水産漁港課,駿河区広野海岸通１,34.923368,138.37432,354-2184,8:30～17:15 月～金(祝日を除く）,時間外利用不可,,1,1,管理棟事務室内,,,,,,,
261,,用宗公園（プール開催期間中のみ）,公園整備課,駿河区用宗五丁目１９１５番地,34.920218,138.361154,,プール開催期間の開園時間のみ,時間外利用不可,,1,1,管理棟２階事務室内(開催期間),,,,,,,
262,小学校,市立大里西小学校,教育施設課,駿河区中原４００,34.956953,138.386376,285-9195,月曜～金曜8:15～16:45（ただし、国民の祝日、年末年始、行事等の振替休日は不可）,時間外利用不可,,1,1,体育館,,,,,,,
263,,市立大里東小学校,教育施設課,駿河区高松２３１０,34.946541,138.418785,237-0879,月曜～金曜8:15～16:45（ただし、国民の祝日、年末年始、行事等の振替休日は不可）,時間外利用不可,,1,1,１階玄関ロビー,,,,,,,
264,,市立大谷小学校,教育施設課,駿河区大谷３６８３－２,34.954832,138.429284,237-0008,月曜～金曜8:15～16:45（ただし、国民の祝日、年末年始、行事等の振替休日は不可）,時間外利用不可,,1,2,１階校長室前廊下,,,,,,,
265,,市立大谷小学校,教育施設課,駿河区大谷３６８３－２,34.954832,138.429284,237-0008,月曜～金曜8:15～16:45（ただし、国民の祝日、年末年始、行事等の振替休日は不可）,時間外利用不可,,,,体育館前,,,,,,,
266,,市立長田北小学校,教育施設課,駿河区向敷地８９０,34.962378,138.358673,258-2997,月曜～金曜8:15～16:45（ただし、国民の祝日、年末年始、行事等の振替休日は不可）,時間外利用不可,,1,1,１階職員室前廊下,,,,,,,
267,,市立長田西小学校,教育施設課,駿河区丸子六丁目１５－６５,34.946299,138.350408,259-8256,月曜～金曜8:15～16:45（ただし、国民の祝日、年末年始、行事等の振替休日は不可）,時間外利用不可,,1,1,中央玄関,,,,,,,
268,,市立長田東小学校,教育施設課,駿河区東新田三丁目１０－１,34.946038,138.372684,259-7516,月曜～金曜8:15～16:45（ただし、国民の祝日、年末年始、行事等の振替休日は不可）,時間外利用不可,,1,1,１階玄関ロビー,,,,,,,
269,,市立長田南小学校,教育施設課,駿河区広野四丁目７－１,34.927726,138.369359,259-6133,月曜～金曜8:15～16:45（ただし、国民の祝日、年末年始、行事等の振替休日は不可）,時間外利用不可,,1,1,１階職員玄関前,,,,,,,
270,,市立川原小学校,教育施設課,駿河区下川原四丁目１４－１,34.937217,138.383005,259-5911,月曜～金曜8:15～16:45（ただし、国民の祝日、年末年始、行事等の振替休日は不可）,時間外利用不可,,1,1,１階保健室前廊下,,,,,,,
271,,市立久能小学校,教育施設課,駿河区古宿２１３－２,34.957862,138.456473,237-4744,月曜～金曜8:15～16:45（ただし、国民の祝日、年末年始、行事等の振替休日は不可）,時間外利用不可,,1,2,１階玄関ロビー,,,,,,,
272,,市立久能小学校,教育施設課,駿河区古宿２１３－２,34.957862,138.456473,237-4744,月曜～金曜8:15～16:45（ただし、国民の祝日、年末年始、行事等の振替休日は不可）,時間外利用不可,,,,体育館入口,,,,,,,
273,,市立東源台小学校,教育施設課,駿河区国吉田六丁目７－４５,34.989142,138.437682,265-2500,月曜～金曜8:15～16:45（ただし、国民の祝日、年末年始、行事等の振替休日は不可）,時間外利用不可,,1,1,１階玄関ロビー,,,,,,,
274,,市立中島小学校,教育施設課,駿河区中島２９９２－１,34.941075,138.399565,283-4455,月曜～金曜8:15～16:45（ただし、国民の祝日、年末年始、行事等の振替休日は不可）,時間外利用不可,,1,1,１階保健室前廊下,,,,,,,
275,,市立中田小学校,教育施設課,駿河区中田二丁目１４－１,34.963872,138.392345,286-3245,月曜～金曜8:15～16:45（ただし、国民の祝日、年末年始、行事等の振替休日は不可）,時間外利用不可,,1,1,体育館入口,,,,,,,
276,,市立南部小学校,教育施設課,駿河区南八幡町１１－１,34.962411,138.403111,286-8019,月曜～金曜8:15～16:45（ただし、国民の祝日、年末年始、行事等の振替休日は不可）,時間外利用不可,,1,1,１階玄関ロビー,,,,,,,
277,,市立西豊田小学校,教育施設課,駿河区曲金二丁目８－８０,34.978368,138.407355,285-9165,月曜～金曜8:15～16:45（ただし、国民の祝日、年末年始、行事等の振替休日は不可）,時間外利用不可,,1,1,東校舎１階廊下,,,,,,,
278,,市立東豊田小学校,教育施設課,駿河区池田４９１－２,34.984045,138.423467,262-1191,月曜～金曜8:15～16:45（ただし、国民の祝日、年末年始、行事等の振替休日は不可）,時間外利用不可,,1,1,南校舎西１階玄関ホール,,,,,,,
279,,市立富士見小学校,教育施設課,駿河区登呂一丁目１－１,34.960642,138.409919,286-3165,月曜～金曜8:15～16:45（ただし、国民の祝日、年末年始、行事等の振替休日は不可）,時間外利用不可,,1,1,１階職員室前昇降口,,,,,,,
280,,市立宮竹小学校,教育施設課,駿河区宮竹二丁目１２－１,34.951732,138.417491,237-2231,月曜～金曜8:15～16:45（ただし、国民の祝日、年末年始、行事等の振替休日は不可）,時間外利用不可,,1,1,１階保健室前廊下,,,,,,,
281,,市立森下小学校,教育施設課,駿河区森下町２－１,34.971324,138.392961,286-3105,月曜～金曜8:15～16:45（ただし、国民の祝日、年末年始、行事等の振替休日は不可）,時間外利用不可,,1,1,１階校長室前廊下,,,,,,,
282,中学校,市立大里中学校,教育施設課,駿河区中野新田５７－５,34.952193,138.385166,285-0185,月曜～金曜8:15～16:45（ただし、国民の祝日、年末年始、行事等の振替休日は不可）,時間外利用不可,,1,1,１階保健室前廊下,,,,,,,
283,,市立長田西中学校,教育施設課,駿河区丸子一丁目１－１,34.947474,138.359674,259-1278,月曜～金曜8:15～16:45（ただし、国民の祝日、年末年始、行事等の振替休日は不可）,時間外利用不可,,1,2,１階玄関ロビー,,,,,,,
284,,市立長田西中学校,教育施設課,駿河区丸子一丁目１－１,34.947474,138.359674,259-1278,月曜～金曜8:15～16:45（ただし、国民の祝日、年末年始、行事等の振替休日は不可）,時間外利用不可,,,,体育館入口,,,,,,,
285,,市立長田南中学校,教育施設課,駿河区みずほ三丁目９－１,34.937722,138.368123,259-2341,月曜～金曜8:15～16:45（ただし、国民の祝日、年末年始、行事等の振替休日は不可）,時間外利用不可,,1,1,１階玄関ロビー,,,,,,,
286,,市立城山中学校,教育施設課,駿河区小坂二丁目３３,34.930537,138.357133,258-4646,月曜～金曜8:15～16:45（ただし、国民の祝日、年末年始、行事等の振替休日は不可）,時間外利用不可,,1,1,１階保健室前廊下,,,,,,,
287,,市立高松中学校,教育施設課,駿河区登呂四丁目６－１,34.958378,138.41023,285-4154,月曜～金曜8:15～16:45（ただし、国民の祝日、年末年始、行事等の振替休日は不可）,時間外利用不可,,1,1,１階職員室前廊下,,,,,,,
288,,市立豊田中学校,教育施設課,駿河区豊田一丁目３－１,34.971224,138.409029,285-8201,月曜～金曜8:15～16:45（ただし、国民の祝日、年末年始、行事等の振替休日は不可）,時間外利用不可,,1,1,校舎中央渡り廊下出入口,,,,,,,
289,,市立中島中学校,教育施設課,駿河区中島３３０３,34.934597,138.395185,284-8740,月曜～金曜8:15～16:45（ただし、国民の祝日、年末年始、行事等の振替休日は不可）,時間外利用不可,,1,1,体育館入口,,,,,,,
290,,市立東豊田中学校,教育施設課,駿河区国吉田五丁目２３－１,34.991364,138.437074,262-1231,月曜～金曜8:15～16:45（ただし、国民の祝日、年末年始、行事等の振替休日は不可）,時間外利用不可,,1,1,１階職員室前廊下,,,,,,,
291,,市立南中学校,教育施設課,駿河区宮竹二丁目１１－１,34.951024,138.41839,237-4900,月曜～金曜8:15～16:45（ただし、国民の祝日、年末年始、行事等の振替休日は不可）,時間外利用不可,,1,1,１階保健室前廊下,,,,,,,
292,看護専門学校,静岡看護専門学校,静岡看護専門学校,駿河区南八幡町８番１号,34.960278,138.402675,288-1230,8:30～17:15　月～金（土・日・祝日、年末年始除く）,時間外利用不可,,1,1,１階ロビー,,,,,,,
293,下水処理場,高松浄化センター,下水道施設課,駿河区登呂五丁目３番１号,34.953998,138.407592,282-2200,月～金（祝日、12/29～1/3を除く）　8:30～17:15,入場門扉ｲﾝﾀｰﾎｰﾝで声をかけてください,,1,1,管理棟1階玄関ホール右側,,,,,,,
294,,中島浄化センター,下水道施設課,駿河区中島１７１１番地の１,34.933617,138.397862,285-3469,月～金（祝日、12/29～1/3を除く）　8:30～17:15,要電話,,1,1,管理棟１階ロビー（事務所前）,,,,,,,
295,,長田浄化センター,下水道施設課,駿河区下川原南４番１号,34.931914,138.385216,256-6237,月～金（祝日、12/29～1/3を除く）　8:30～17:15,要電話,,1,1,管理棟１階通路（受託職員事務所）,,,,,,,
296,その他,環境保健研究所,環境保健研究所,駿河区小黒一丁目４番７号,34.973704,138.400611,285-2131,8:30～17:15　月～金（祝日を除く）　　　,時間外利用不可,,1,1,玄関受付,,,,,,,
297,,静岡競輪場,公営競技事務所,駿河区小鹿二丁目９番１号,34.97373,138.419412,283-3200,10:00～17:00 （競輪開催日のみ）,守衛室へ声をお掛けください。,,1,2,①事務所棟１階自衛警備員室,,,,,,,
298,,,,,34.97373,138.419412,,10:00～17:00 （競輪開催日のみ）,守衛室へ声をお掛けください。,,,,②南入場口警備員詰所,,,,,,,
299,,森下町自転車等駐車場,交通政策課,駿河区森下町１番１号,34.971993,138.391848,284-8011,5：30～23：30,時間外利用不可,,1,1,管理人室内,,,,,,,
300,,安倍川駅西口駐輪場,交通政策課,駿河区鎌田４３２番地の６,34.94068,138.363648,256-3285,４：30～24：31,時間外利用不可,,1,1,駐輪場入口ゲート横,,,,,,,
301,,道の駅「宇津ノ谷峠」　　　 　(静岡市側）,道路計画課,駿河区宇津ノ谷８２－２,34.937543,138.309654,256-2545,7:00～19:00,時間外利用不可,,1,1,物産館内,,,,,,,
302,市庁舎・区役所等,蒲原支所,清水区蒲原支所,清水区蒲原新田一丁目２１－１,35.116402,138.595493,385-3111,24時間,警備員室・守衛室へ声をお掛けください。,,1,1,１階受付カウンター前,,,,,,,
303,,清水区役所,清水区地域総務課　,清水区旭町６番８号,35.015891,138.489533,354-2391,8:30～17:15　月～金(祝日除く),警備員室・守衛室へ声をお掛けください。,,1,2,①１階総合案内所横,,,,,,,
304,,,,,35.015891,138.489533,,8:30～17:15　月～金(祝日除く),警備員室・守衛室へ声をお掛けください。,,,,②４階清水区地域総務課横,,,,,,,
305,,清水区役所地域総務課（イベント貸出用）,シティプロモーション課,清水区旭町６番８号（清水区役所）,35.015891,138.489533,354-2024,貸出受付は8:30～17:15　月～金(祝日除く)使用日直近営業日に貸出、使用後直近営業日に返却（要予約）,時間外利用不可,,―,2,＊清水区役所地域総務課にて貸出受付,,,,,,,
306,,清水区役所地域総務課（イベント貸出用）,観光・シティプロモーション課,清水区旭町６－８（清水区役所）,35.015891,138.489533,354-2024,貸出受付は8:30～17:15　月～金(祝日除く)使用日直近営業日に貸出、使用後直近営業日に返却（要予約）,警備員室・守衛室へ声をお掛けください。,,―,2,＊清水区役所地域総務課にて貸出受付,,,,,,,
307,スポーツ施設等,蒲原西部コミュニティセンター,スポーツ振興課,清水区蒲原堰沢４５５番地の１,35.115097,138.581394,221-1071,9:00～21:00　　　（年末年始除く）,時間外利用不可,,1,1,１階入口横,,,,,,,
308,,蒲原体育館,スポーツ振興課,清水区蒲原新田一丁目２１番１号,35.116402,138.595493,221-1071,9:00～21:00（年末年始除く）,時間外利用不可,,1,1,１階ホール,,,,,,,
309,,蒲原東部コミュニティセンター,スポーツ振興課,清水区蒲原４９８０番地の１０,35.129702,138.623657,221-1071,9:00～21:00　　　（年末年始除く）,時間外利用不可,,1,1,１階入口横,,,,,,,
310,,清水庵原球場,スポーツ振興課,清水区庵原町３０００番地,35.056327,138.47055,361-1189,9:00～21:00（年末年始除く）,時間外利用不可,,1,1,１階玄関ホール,,,,,,,
311,,清水清見潟公園（体育館、室内プール、トレーニング室）,スポーツ振興課,清水区横砂４０８番地の３８,35.037571,138.500762,367-9780,8:30～21:00（年末年始除く）,時間外利用不可,,1,1,事務所（内）入口,,,,,,,
312,,清水総合運動場,スポーツ振興課,清水区清開二丁目１番１号,34.996218,138.492283,334-5049,8:30～21:00（年末年始除く）,時間外利用不可,,1,2,①体育館事務所内,,,,,,,
313,,,,,34.996218,138.492283,,8:30～21:00（年末年始除く）,時間外利用不可,,,,②陸上競技場医務室前,,,,,,,
314,,清水長崎新田スポーツ交流センター,スポーツ振興課,清水区長崎新田２０７番地,35.016586,138.44945,344-3055,9:00～21:00（年末年始除く）,時間外利用不可,,1,1,事務所,,,,,,,
315,,清水ナショナルトレーニングセンター,スポーツ振興課,清水区山切１４８７番地の１,35.054844,138.480969,371-9000,9:00～21:00（年末年始除く）,警備員室・守衛室へ声をお掛けください。,,1,1,フロント横,,,,,,,
316,,清水日本平運動公園,スポーツ振興課,清水区村松３８８０番地の１,34.985127,138.48096,[球技場]335-5111[庭球場]336-2611,[球技場]8:30～21:00（年末年始除く）[庭球場]9:00～17:00（年末年始除く）※季節により変更あり,時間外利用不可,,1,5,①メインスタンド１階フロア,,,,,,,
317,,,,,34.985127,138.48096,,[球技場]8:30～21:00（年末年始除く）[庭球場]9:00～17:00（年末年始除く）※季節により変更あり,時間外利用不可,,,,②バックスタンド第３ゲート,,,,,,,
318,,,,,34.985127,138.48096,,[球技場]8:30～21:00（年末年始除く）[庭球場]9:00～17:00（年末年始除く）※季節により変更あり,時間外利用不可,,,,③東サイドスタンド授乳室,,,,,,,
319,,,,,34.985127,138.48096,,[球技場]8:30～21:00（年末年始除く）[庭球場]9:00～17:00（年末年始除く）※季節により変更あり,時間外利用不可,,,,④西サイドスタンド第1ゲート,,,,,,,
320,,,,,34.985127,138.48096,,[球技場]8:30～21:00（年末年始除く）[庭球場]9:00～17:00（年末年始除く）※季節により変更あり,時間外利用不可,,,,⑤庭球場事務所,,,,,,,
321,,清水蛇塚スポーツグラウンド,スポーツ振興課,清水区蛇塚３０番地の５,34.96537,138.47496,336-3015,9:00～21:00（月曜日及び年末年始除く）,時間外利用不可,,1,1,事務所,,,,,,,
322,,清水三保体育館,スポーツ振興課,清水区三保２０６９番地の２６,35.01005,138.527326,335-7892,24時間,警備員室・守衛室へ声をお掛けください。,,1,1,事務所,,,,,,,
323,,東部勤労者福祉センター,商業労政課,清水区島崎町２２３番地,35.020254,138.48953,355-3111,8:30～22:00（第2・4月曜日（休日の場合は翌日）、12/29～1/3を除く）,時間外利用不可,,1,1,４階フィットネス受付横,,,,,,,
324,,三保真崎海水浴場（海水浴場開設期間のみ）,観光交流課,清水区三保,35.002045,138.515905,221-1421,8:30～17:00開設期間のみ,時間外利用不可,,1,1,管理事務所内（開設期間のみ）,,,,,,,
325,,由比体育館,スポーツ振興課,清水区由比４５６番地の１５１,35.110845,138.562371,221-1071,9:00～21:00　　　（年末年始除く）,時間外利用不可,,1,1,１階ホール,,,,,,,
326,生涯学習施設,飯田生涯学習交流館,生涯学習推進課,清水区下野西３番１９号,35.033663,138.46674,364-0911,8:30～21:30第１・３日曜日以外の曜日（祝日を除く）,時間外利用不可,,1,1,１階事務室横,,,,,,,
327,,庵原生涯学習交流館,生涯学習推進課,清水区庵原町６８番地の１,35.04409,138.483308,366-7564,8:30～21:30第１・３日曜日以外の曜日（祝日を除く）,時間外利用不可,,1,1,１階ロビー,,,,,,,
328,,入江生涯学習交流館,生涯学習推進課,清水区入江三丁目８番１２号,35.016568,138.476701,363-2802,8:30～21:30第１・３日曜日以外の曜日（祝日を除く）,時間外利用不可,,1,1,１階ロビー,,,,,,,
329,,有度生涯学習交流館,生涯学習推進課,清水区草薙一里山３番１号,35.006685,138.452523,345-4886,8:30～21:30第１・３日曜日以外の曜日（祝日を除く）,時間外利用不可,,1,1,１階事務室横,,,,,,,
330,,江尻生涯学習交流館,生涯学習推進課,清水区小芝町３番３５号,35.02317,138.482356,367-3321,8:30～21:30第１・３日曜日以外の曜日（祝日を除く）,時間外利用不可,,1,1,１階事務室横,,,,,,,
331,,岡生涯学習交流館,生涯学習推進課,清水区桜が丘町７番１号,35.010858,138.477368,354-1350,8:30～21:30第１・３日曜日以外の曜日（祝日を除く）,時間外利用不可,,1,1,１階事務室横,,,,,,,
332,,興津生涯学習交流館,生涯学習推進課,清水区興津本町８２９番地,35.047515,138.51808,369-1111,8:30～21:30第１・３日曜日以外の曜日（祝日を除く）,時間外利用不可,,1,1,１階玄関ホール,,,,,,,
333,,小島生涯学習交流館,生涯学習推進課,清水区但沼町３０３番地,35.101672,138.512286,393-2053,8:30～21:30第１・３日曜日以外の曜日（祝日を除く）,時間外利用不可,,1,1,１階市民サービスコーナー入口,,,,,,,
334,,折戸生涯学習交流館,生涯学習推進課,清水区折戸四丁目８番６０号,34.990162,138.513507,335-6470,8:30～21:30第１・３日曜日以外の曜日（祝日を除く）,時間外利用不可,,1,1,１階入口ロビー,,,,,,,
335,,蒲原生涯学習交流館,生涯学習推進課,清水区蒲原新田一丁目２１番１号,35.116402,138.595493,385-4331,8:30～21:30第１・３日曜日以外の曜日（祝日を除く）,時間外利用不可,,1,1,１階事務室横,,,,,,,
336,,駒越生涯学習交流館,生涯学習推進課,清水区迎山町１番７号,34.97782,138.494134,335-6171,8:30～21:30第１・３日曜日以外の曜日（祝日を除く）,時間外利用不可,,1,1,１階入口ロビー,,,,,,,
337,,清水生涯学習交流館,生涯学習推進課,清水区松井町７番２２号,35.002253,138.49233,352-7755,8:30～21:30第１・３日曜日以外の曜日（祝日を除く）,時間外利用不可,,1,1,２階受付カウンター横,,,,,,,
338,,袖師生涯学習交流館,生涯学習推進課,清水区袖師町１０９２番地の１,35.034883,138.491643,367-1138,8:30～21:30第１・３日曜日以外の曜日（祝日を除く）,時間外利用不可,,1,1,１階事務室横,,,,,,,
339,,高部生涯学習交流館,生涯学習推進課,清水区押切１０８６番地の２,35.029219,138.44995,346-0828,8:30～21:30第１・３日曜日以外の曜日（祝日を除く）,時間外利用不可,,1,1,１階ホール,,,,,,,
340,,辻生涯学習交流館,生涯学習推進課,清水区宮代町５番７５号,35.024953,138.483442,364-0234,8:30～21:30第１・３日曜日以外の曜日（祝日を除く）,時間外利用不可,,1,1,１階ロビー,,,,,,,
341,,浜田生涯学習交流館,生涯学習推進課,清水区浜田町４番４号,35.015055,138.482561,351-3030,8:30～21:30第１・３日曜日以外の曜日（祝日を除く）,時間外利用不可,,1,1,１階ロビー,,,,,,,
342,,不二見生涯学習交流館,生涯学習推進課,清水区村松５３４番地の２,34.990807,138.487562,335-6211,8:30～21:30第１・３日曜日以外の曜日（祝日を除く）,時間外利用不可,,1,1,１階事務室横,,,,,,,
343,,船越生涯学習交流館,生涯学習推進課,清水区船越三丁目１２番７４号,34.998844,138.468302,351-3121,8:30～21:30第１・３日曜日以外の曜日（祝日を除く）,時間外利用不可,,1,1,１階事務室,,,,,,,
344,,三保生涯学習交流館,生涯学習推進課,清水区三保１０７４番地の８,34.999554,138.520224,334-2230,8:30～21:30第１・３日曜日以外の曜日（祝日を除く）,時間外利用不可,,1,1,１階入口,,,,,,,
345,,由比生涯学習交流館,生涯学習推進課,清水区由比北田４５７番地の１,35.106965,138.562368,376-0511,8:30～21:30第１・３日曜日以外の曜日（祝日を除く）,時間外利用不可,,1,1,１階事務室,,,,,,,
346,,両河内生涯学習交流館,生涯学習推進課,清水区和田島８５５番地の３,35.109978,138.47726,395-2311,8:30～21:30第１・３日曜日以外の曜日（祝日を除く）,時間外利用不可,,1,1,１階ロビー,,,,,,,
347,図書館,蒲原図書館,中央図書館,清水区蒲原新田一丁目２２番２２号,35.116046,138.594807,388-3456,火～金曜日は9:30～19:00、土・日曜日は9:30～17:00。ただし、毎週月曜日・国民の祝日・第４水曜日（祝日の場合は翌日）、所蔵点検期間中、年末年始は休館日で利用不可。,時間外利用不可,,1,1,１階エレベーター横,,,,,,,
348,,清水中央図書館,中央図書館,清水区入江岡町１５番２３号,35.011702,138.479642,354-1331,月～金曜日は9:30～19:00、土・日曜日・国民の祝日は9:30～17:00。ただし、毎月第２月曜日・第４水曜日（祝日の場合は翌日）、祝日の次の平日、所蔵点検期間中、年末年始は休館日で利用不可。,時間外利用不可,,1,1,１階男子トイレ横,,,,,,,
349,文化施設等,お休み処,歴史文化課,清水区蒲原三丁目２５番３号,35.120257,138.605684,385-7111,休館日（月曜日（祝日以外）、祝日の翌日、年末年始（12月26日～1月5日））を除く日　9:30～16:30（11月～2月は16:00）,時間外利用不可,,1,1,玄関,,,,,,,
350,,旧五十嵐邸,歴史文化課,清水区蒲原三丁目２３番３号,35.119846,138.603251,385-2023,休館日（月曜日（祝日以外）、祝日の翌日、年末年始（12月26日～1月5日））を除く日　9:30～16:30（11月～2月は16:00）,時間外利用不可,,1,1,玄関,,,,,,,
351,,小池邸,歴史文化課,清水区由比寺尾４６４番９号,35.091655,138.548532,376-0611,休館日（月曜日（祝日以外）、祝日の翌日、年末年始（12月26日～1月5日））を除く日　9:30～16:30（11月～2月は16:00）,時間外利用不可,,1,1,土間管理人室横,,,,,,,
352,,こどもクリエイティブタウンまある,産業政策課,清水区辻１丁目２番１号,35.023929,138.487536,367-4320,月～火：9：30～17：30　木～日：9：30～17：30（毎週水曜日休館、水曜日が祝日の場合は翌日休館、年末年始は休館日）,時間外利用不可,,1,1,３階受付カウンター,,,,,,,
353,,静岡市清水文化会館マリナート,文化振興課,清水区島崎町２１４番,35.021908,138.489503,353-8885,9：00～22：00休館日以外 （休館日：毎週月曜日（休日の場合はその翌日）、年末年始、臨時休館日）,時間外利用不可,,1,2,①１階エントランスホール　階段横,,,,,,,
354,,,,,35.021908,138.489503,,9：00～22：00休館日以外 （休館日：毎週月曜日（休日の場合はその翌日）、年末年始、臨時休館日）,時間外利用不可,,,,②事務室内,,,,,,,
355,,清水産業・情報プラザ,産業政策課,清水区相生町６番１７号,35.014191,138.489069,355-5400,月～金：9：00～21：00土・日　：9：00～17：00（第３日曜、祝日及び年末年始は休館日）,警備員室・守衛室へ声をお掛けください。,,1,1,２階パソコン体験コーナー,,,,,,,
356,,清水市民活動センター,市民自治推進課,清水区港町二丁目１番１号キララシティ　２階,35.007567,138.49153,340-1010,年末年始（12/29～1/3）を除く月～土（第１、第３水曜日を除く）　9：00～21：30日・祝　9：00～18：00,時間外利用不可,,1,1,入口付近受付前,,,,,,,
357,,東海道広重美術館,観光交流課,清水区由比２９７番地の１,35.107726,138.567423,375-4454,9：00～17：00休館日以外 （休館日：毎週月曜日（休日の場合はその翌日）、12/28～1/4、臨時休館日）,時間外利用不可,,1,1,１階エントランスホール　階段横,,,,,,,
358,,はごろも情報ひろば「みほナビ」,歴史文化課,清水区三保１３３８番４７号、４８号,34.995121,138.522802,,休館日：なし9:00～16:00（夏季期間の土曜日、日曜日、祝日等は9:00～17:00）,時間外利用不可,,1,1,03ブース内奥,,,,,,,
359,,埋蔵文化財センター,歴史文化課,清水区横砂東町３３番２号,35.047212,138.505059,367-9436,月～金（祝日除く）、第１・第３日曜日8:30～17:15,時間外利用不可,,1,1,１階ホール事務所横,,,,,,,
360,福祉施設等,蒲原白銀児童館,子ども未来課,清水区蒲原７２１－４,35.118055,138.608706,385-5651,9：00～17：30（月曜日（祝日を除く）、祝日の翌日、毎月第３日曜日、年末年始は除く）,時間外利用不可,,1,1,玄関ホール,,,,,,,
361,,蒲原老人デイサービスセンター,高齢者福祉課,清水区蒲原７２１番地の４,35.118055,138.608706,385-5554,月～土（休館日除く）8：30～17：15,時間外利用不可,,1,1,１階ロビー,,,,,,,
362,,蒲原老人福祉センター,高齢者福祉課,清水区蒲原神沢１３６３番地の４,35.114269,138.571351,388-3186,月～金（休館日除く）8：30～17：30,時間外利用不可,,1,1,集会室入り口,,,,,,,
363,,草薙児童館,子ども未来課,清水区草薙一里山３－１,35.006685,138.452523,345-5100,9：00～17：30（月曜日（祝日を除く）、祝日の翌日、毎月第３日曜日、年末年始は除く）,時間外利用不可,,1,1,事務室前廊下,,,,,,,
364,,静岡市うなばら学園,障害者福祉課,清水区駒越西二丁目10番10号,34.975309,138.492751,335-5050,8:30～17:15月～金、第1・3土曜日,時間外利用不可,,1,1,１階事務室,,,,,,,
365,,静岡市清水うしおワーク,障害者福祉課,清水区駒越西二丁目10番10号,34.975309,138.492751,335-5050,8:30～17:15月～金、第1・3土曜日,時間外利用不可,,1,1,１階事務室,,,,,,,
366,,静岡市清水なぎさホーム,障害者福祉課,清水区駒越西二丁目10番10号,34.975309,138.492751,335-5050,8:30～17:15月～金、第1・3土曜日,時間外利用不可,,1,1,１階事務室,,,,,,,
367,,静岡市みなとふれあいセンター,障害者福祉課,清水区駒越西二丁目10番10号,34.975309,138.492751,335-5050,8:30～17:15月～金、第1・3土曜日,時間外利用不可,,1,1,多目的ホール,,,,,,,
368,,清水折戸老人福祉センター羽衣荘,高齢者福祉課,清水区折戸四丁目８番５３号,34.990449,138.513628,336-3117,火～日（休館日除く）9：00～16：00,時間外利用不可,,1,1,ロビー,,,,,,,
369,,清水社会福祉会館,福祉総務課,清水区宮代町１番１号,35.02404,138.483828,371-0291,休館日以外の8:30～21:00（休館日：毎月第３日曜、祝日、12月29日から翌年の1月3日までの日）,時間外利用不可,,1,3,①１階受付横,,,,,,,
370,,,,,35.02404,138.483828,,休館日以外の8:30～21:00（休館日：毎月第３日曜、祝日、12月29日から翌年の1月3日までの日）,時間外利用不可,,,,②３階エレベーター横,,,,,,,
371,,,,,35.02404,138.483828,,休館日以外の8:30～21:00（休館日：毎月第３日曜、祝日、12月29日から翌年の1月3日までの日）,時間外利用不可,,,,③５階エレベーター横,,,,,,,
372,,しみず社会福祉事業団（本部棟）,障害者福祉課,清水区駒越西二丁目10番10号,34.975309,138.492751,335-5050,8:30～17:15月～金、第1・3土曜日,時間外利用不可,,1,1,一階事務室前,,,,,,,
373,,清水中央子育て支援センター,子ども未来課,清水区島崎町２２３,35.020254,138.48953,355-3311355-3366,7：00～21：30（年末年始は除く）,時間外利用不可,,1,1,廊下,,,,,,,
374,,清水東部老人憩の家,高齢者福祉課,清水区興津中町１２８８番地,35.06058,138.527789,369-5513,火～日（休館日除く）9：00～16：00,時間外利用不可,,1,1,玄関正面,,,,,,,
375,,清水南部交流センター,高齢者福祉課,清水区駒越南町９番５０号,34.979341,138.504053,335-0609,火～日（休館日除く）9：00～21：00,時間外利用不可,,1,1,１階玄関横,,,,,,,
376,,清水船越老人福祉センター,高齢者福祉課,清水区船越二丁目９番２６号,34.999233,138.467521,352-5505,月～金 9:00～17:00（休館日除く）土 9:00～12:00,時間外利用不可,,1,1,事務室前,,,,,,,
377,,清水北部交流センター,高齢者福祉課,清水区八坂町２１１０番地の２,35.04104,138.471206,364-8902,火～日（休館日除く）9：00～21：00,時間外利用不可,,1,1,２階事務所前廊下,,,,,,,
378,,清水老人憩の家清開きらく荘,高齢者福祉課,清水区清開二丁目１番１号,34.996218,138.492283,334-1241,火～日（休館日除く）9：00～16：00,時間外利用不可,,1,1,事務所前廊下,,,,,,,
379,,由比交流センター,高齢者福祉課,清水区由比北田４５０番地,35.106204,138.562637,376-0435,月～日（休館日除く）9：00～16：00,時間外利用不可,,1,1,３階事務所前廊下,,,,,,,
380,,由比児童館,子ども未来課,清水区由比４２１－２０,35.108834,138.562504,375-2412,9：00～17：30（月曜日（祝日を除く）、祝日の翌日、毎月第３日曜日、年末年始は除く）,時間外利用不可,,1,1,玄関ホール,,,,,,,
381,,養護老人ホーム清水松風荘,高齢者福祉課,清水区折戸三丁目１９番４０号,34.986958,138.511768,334-0438,毎日7：00～19：00（地域交流室利用者は21：00まで可）,施設職員へ声をお掛けください。,,1,1,正面玄関受付窓口下（玄関ホール）,,,,,,,
382,こども園,蒲原西部こども園,こども園課,清水区蒲原中５６６番地の１,35.115171,138.583128,385-2539,7:30～18:00(月～土）,時間外利用不可,,1,1,玄関（ドア側）,,,,,,,
383,,蒲原東部こども園,こども園課,清水区蒲原５０９２番地の３,35.12606,138.620066,385-3411,7:30～18:00(月～土）,時間外利用不可,,1,1,玄関右壁,,,,,,,
384,,飯田北こども園,こども園課,清水区石川本町１１番９２号,35.034299,138.461357,366-2743,7:00～19:00(月～土）,時間外利用不可,,1,1,１階玄関ホール,,,,,,,
385,,飯田南こども園,こども園課,清水区高橋四丁目４番５６号,35.029169,138.474359,366-6216,7:00～19:00(月～土）,時間外利用不可,,1,1,１階玄関,,,,,,,
386,,庵原こども園,こども園課,清水区庵原町１９３８番地,35.054325,138.473286,366-5683,7:30～18:00(月～土）,時間外利用不可,,1,1,乳児保育室放送設備,,,,,,,
387,,入江こども園,こども園課,清水区入江一丁目１３番１５号,35.019126,138.479301,366-5904,7:00～19:00(月～土）,時間外利用不可,,1,1,１階玄関,,,,,,,
388,,有度北こども園,こども園課,清水区長崎７４０番地の１,35.015692,138.443182,347-0216,7:30～18:00(月～土）,時間外利用不可,,1,1,１階玄関,,,,,,,
389,,有度西こども園,こども園課,清水区中之郷一丁目１０番２７号,34.998577,138.440676,345-7755,7:30～18:00(月～土）,時間外利用不可,,1,1,事務所内（園庭から入ってすぐ）,,,,,,,
390,,興津北こども園,こども園課,清水区八木間町４７８番地,35.065496,138.52092,369-1084,7:30～18:00(月～土）,時間外利用不可,,1,1,職員室出入り口（内側）,,,,,,,
391,,興津南こども園,こども園課,清水区興津中町５６２番地,35.0554,138.527431,369-0749,7:30～18:00(月～土）,時間外利用不可,,1,1,事務室内,,,,,,,
392,,折戸こども園,こども園課,清水区折戸五丁目８番１号,34.99063,138.515809,334-0836,7:30～18:00(月～土）,時間外利用不可,,1,1,１階ホール前廊下の壁,,,,,,,
393,,川原こども園,こども園課,清水区川原２４番８号,35.000264,138.475207,352-1358,7:30～18:00(月～土）,時間外利用不可,,1,1,１階玄関ホール,,,,,,,
394,,駒越こども園,こども園課,清水区迎山町４番１５号,34.977531,138.492362,334-7080,7:30～18:00(月～土）,時間外利用不可,,1,1,１階玄関職員室前,,,,,,,
395,,高部中央こども園,こども園課,清水区梅ヶ谷４５９地の１,35.046766,138.453333,346-1503,7:30～18:00(月～土）,時間外利用不可,,1,1,１階玄関,,,,,,,
396,,辻こども園,こども園課,清水区辻四丁目７番２１号,35.028728,138.486422,366-6227,7:00～19:00(月～土）,時間外利用不可,,1,1,１階事務室前（廊下側）,,,,,,,
397,,西久保こども園,こども園課,清水区西久保４３８番地の１,35.035883,138.477139,366-6625,7:30～18:00(月～土）,時間外利用不可,,1,1,１階玄関,,,,,,,
398,,原こども園,こども園課,清水区原４５番地の５,35.047267,138.482975,366-3800,7:30～18:00(月～土）,時間外利用不可,,1,1,１階玄関右側壁,,,,,,,
399,,清水こども園,こども園課,清水区本町１１番３２号,35.008514,138.487175,352-4229,7:30～18:00(月～土）,時間外利用不可,,1,1,１階玄関,,,,,,,
400,,三保こども園,こども園課,清水区三保１６０１番地,34.999448,138.52271,334-0556,7:30～18:00(月～土）,時間外利用不可,,1,1,１階玄関,,,,,,,
401,,横砂こども園,こども園課,清水区横砂東町１７番５号,35.044282,138.50279,365-8739,7:30～18:00(月～土）,時間外利用不可,,1,1,１階職員玄関,,,,,,,
402,,入山こども園,こども園課,清水区由比入山１９６４番地,35.130386,138.55728,375-2628,7:30～18:00(月～土）,時間外利用不可,,1,1,玄関,,,,,,,
403,,由比中央こども園,こども園課,清水区由比北田１４６番地,35.108598,138.559035,377-0888,7:00～19:00(月～土）,時間外利用不可,,1,1,玄関横,,,,,,,
404,,清水待機児童園,こども園課,清水区天神一丁目１１番１５号,35.027883,138.479945,363-6120,7:00～19:00(月～土）,時間外利用不可,,1,1,玄関,,,,,,,
405,,小島こども園,こども園課,清水区小島町６２１番地の１,35.091531,138.51462,393-3014,7:00～18:00(月～金）,時間外利用不可,,1,1,１階玄関,,,,,,,
406,,小河内こども園,こども園課,清水区小河内２６９３番地の２,35.119897,138.510347,393-2192,7:00～18:00(月～金）,時間外利用不可,,1,1,１階玄関,,,,,,,
407,,高部こども園,こども園課,清水区押切９９６番地の２,35.027938,138.453736,346-1758,7:00～18:00(月～金）,時間外利用不可,,1,1,職員室玄関,,,,,,,
408,,和田島こども園,こども園課,清水区和田島６９４番地の１,35.110051,138.479282,395-2320,7:00～18:00(月～金）,時間外利用不可,,1,1,職員室玄関,,,,,,,
409,,由比こども園,こども園課,清水区由比３７７番地の１,35.109492,138.561696,375-4510,7:00～18:00(月～金）,時間外利用不可,,1,1,１階ホール,,,,,,,
410,保健衛生施設等,蒲原保健福祉センター,清水健康支援課,清水区蒲原７２１番地４,35.118055,138.608706,385-5670,8：30～17：15　月～金（祝日除く）,時間外利用不可,,1,1,２階　事務室前廊下,,,,,,,
411,,清水病院,清水病院病院総務課,清水区宮加三１２３１,34.982914,138.490059,336-1111,24時間365日,警備員室・守衛室へ声をお掛けください。,,1,5,①救急センター,,,,,,,
412,,,,,34.982914,138.490059,,24時間365日,警備員室・守衛室へ声をお掛けください。,,,,②内科処置室,,,,,,,
413,,,,,34.982914,138.490059,,24時間365日,警備員室・守衛室へ声をお掛けください。,,,,③内視鏡センター,,,,,,,
414,,,,,34.982914,138.490059,,24時間365日,警備員室・守衛室へ声をお掛けください。,,,,④生理検査室,,,,,,,
415,,,,,34.982914,138.490059,,24時間365日,警備員室・守衛室へ声をお掛けください。,,,,⑤中央受付,,,,,,,
416,,清水保健福祉センター,清水健康支援課,清水区渋川２丁目１２番１号,35.020384,138.47026,348-7981,8：30～17：15　月～金（祝日除く）,時間外利用不可,,1,1,１階　総合案内カウンター前,,,,,,,
417,,清水両河内診療所,保健衛生総務課,清水区和田島６９３番地の１,35.109876,138.479127,343-2388,月・火・木・金　9：00～17：30水曜　　14：30～17：30土曜　 　9：00～13：00,時間外利用不可,,1,1,診察室内,,,,,,,
418,観光施設等,港湾会館清水日の出センター,清水港振興課,清水区日の出町９番25号,35.008681,138.496171,353-2311,9:00～21:00年末年始を除く,時間外利用不可,,1,1,１階　玄関ホール,,,,,,,
419,,清水西里温泉浴場（やませみの湯）,中山間地振興課,清水区西里１４４９番地,35.123017,138.432967,343-1126,平日　8:30～18:30  土日祝日　8:30～20:00月曜日以外,時間外利用不可,,1,1,玄関つきあたり、従業員通路入口,,,,,,,
420,公園等,清水清見潟公園（興津中町プール開催期間中のみ）,公園整備課,清水区興津中町１８８６番地,35.053184,138.52462,-,プール開催期間の開園時間のみ,時間外利用不可,,1,1,プールサイド監視員待機場所横(開催期間),,,,,,,
421,,清水清見潟公園(横砂プール開催期間中のみ）,公園整備課,清水区横砂２１９番地９,35.043371,138.504642,-,プール開催期間の開園時間のみ,時間外利用不可,,1,1,プールサイド監視員待機場所横(開催期間),,,,,,,
422,,清水森林公園管理事務所,中山間地振興課,清水区西里１３１０番地の１,35.119059,138.42805,395-2999,9:00～17:00月曜日以外,時間外利用不可,,1,1,管理棟、玄関,,,,,,,
423,,清水船越堤公園管理事務所,公園整備課,清水区船越４９７番地,35.0003,138.470005,354-1170(船越公園管理事務所),木曜日から火曜日8:30～17:00利用可能12月29日から翌年1月3日まで利用不可,時間外利用不可,,1,1,管理棟事務室内,,,,,,,
424,,三保真崎広場（三保真崎グラウンドゴルフ場）,観光交流課,清水区三保２３９９番地地先,35.018926,138.517161,334-0826,9:00～17:00休場日以外（休場日：12/29～1/3、臨時休場日）,時間外利用不可,,1,1,管理事務所内,,,,,,,
425,,八木間六本松公園（プール開催期間中のみ）,公園整備課,清水区八木間２０２１番地,35.07178,138.523686,-,プール開催期間の開園時間のみ,時間外利用不可,,1,1,プールサイド監視員待機場所横(開催期間),,,,,,,
426,小学校,市立蒲原西小学校,教育施設課,清水区蒲原新田ニ丁目２５－１,35.11906,138.595218,385-4125,月曜～金曜8:15～16:45（ただし、国民の祝日、年末年始、行事等の振替休日は不可）,時間外利用不可,,1,1,１階職員室前廊下,,,,,,,
427,,市立蒲原東小学校,教育施設課,清水区蒲原６６６,35.117024,138.609019,385-4155,月曜～金曜8:15～16:45（ただし、国民の祝日、年末年始、行事等の振替休日は不可）,時間外利用不可,,1,1,１階玄関ロビー,,,,,,,
428,,市立清水飯田小学校,教育施設課,清水区下野中２－４０,35.035407,138.469215,366-6091,月曜～金曜8:15～16:45（ただし、国民の祝日、年末年始、行事等の振替休日は不可）,時間外利用不可,,1,1,１階保健室前廊下,,,,,,,
429,,市立清水飯田東小学校,教育施設課,清水区八坂北一丁目２３－４０,35.034994,138.473014,365-1444,月曜～金曜8:15～16:45（ただし、国民の祝日、年末年始、行事等の振替休日は不可）,時間外利用不可,,1,1,１階玄関ロビー,,,,,,,
430,,市立清水庵原小学校,教育施設課,清水区庵原町１７２３,35.05188,138.475217,365-3824,月曜～金曜8:15～16:45（ただし、国民の祝日、年末年始、行事等の振替休日は不可）,時間外利用不可,,1,1,１階玄関ロビー,,,,,,,
431,,市立清水入江小学校,教育施設課,清水区追分二丁目３－１,35.012459,138.477847,366-6210,月曜～金曜8:15～16:45（ただし、国民の祝日、年末年始、行事等の振替休日は不可）,時間外利用不可,,1,1,１階玄関ロビー,,,,,,,
432,,市立清水有度第一小学校,教育施設課,清水区有度本町３－１,35.007226,138.453253,345-0511,月曜～金曜8:15～16:45（ただし、国民の祝日、年末年始、行事等の振替休日は不可）,時間外利用不可,,1,1,１階職員室前廊下,,,,,,,
433,,市立清水有度第二小学校,教育施設課,清水区草薙杉道三丁目１９－１,35.001247,138.450754,345-2391,月曜～金曜8:15～16:45（ただし、国民の祝日、年末年始、行事等の振替休日は不可）,時間外利用不可,,1,1,図書館入口,,,,,,,
434,,市立清水江尻小学校,教育施設課,清水区江尻町１４－６３,35.02117,138.47997,366-6010,月曜～金曜8:15～16:45（ただし、国民の祝日、年末年始、行事等の振替休日は不可）,時間外利用不可,,1,1,１階職員室前廊下,,,,,,,
435,,市立清水岡小学校,教育施設課,清水区神田町４－３,35.007636,138.480734,353-3368,月曜～金曜8:15～16:45（ただし、国民の祝日、年末年始、行事等の振替休日は不可）,時間外利用不可,,1,1,1階職員玄関,,,,,,,
436,,市立清水興津小学校,教育施設課,清水区興津中町３５０－１,35.054858,138.525934,369-0185,月曜～金曜8:15～16:45（ただし、国民の祝日、年末年始、行事等の振替休日は不可）,時間外利用不可,,1,1,１階職員室前廊下,,,,,,,
437,,市立清水小島小学校,教育施設課,清水区小島町６１９,35.091895,138.515173,393-2014,月曜～金曜8:15～16:45（ただし、国民の祝日、年末年始、行事等の振替休日は不可）,時間外利用不可,,1,1,１階玄関ロビー,,,,,,,
438,,市立清水小河内小学校,教育施設課,清水区小河内２７２３,35.120958,138.5115,393-2044,月曜～金曜8:15～16:45（ただし、国民の祝日、年末年始、行事等の振替休日は不可）,時間外利用不可,,1,1,１階玄関ロビー,,,,,,,
439,,市立清水駒越小学校,教育施設課,清水区駒越東町２－２０,34.981869,138.501852,334-2331,月曜～金曜8:15～16:45（ただし、国民の祝日、年末年始、行事等の振替休日は不可）,時間外利用不可,,1,1,１階保健室前廊下,,,,,,,
440,,市立清水宍原小学校,教育施設課,清水区宍原９１９,35.159961,138.518616,394-0341,月曜～金曜8:15～16:45（ただし、国民の祝日、年末年始、行事等の振替休日は不可）,時間外利用不可,,1,1,１階玄関ロビー,,,,,,,
441,,市立清水小学校,教育施設課,清水区松井町１５－１,35.002989,138.490869,353-3341,月曜～金曜8:15～16:45（ただし、国民の祝日、年末年始、行事等の振替休日は不可）,時間外利用不可,,1,1,南校舎１階廊下,,,,,,,
442,,市立清水袖師小学校,教育施設課,清水区袖師町４２０,35.0352,138.489199,366-7310,月曜～金曜8:15～16:45（ただし、国民の祝日、年末年始、行事等の振替休日は不可）,時間外利用不可,,1,1,１階職員室前廊下,,,,,,,
443,,市立清水高部小学校,教育施設課,清水区押切１１１５－２,35.029544,138.449928,345-7010,月曜～金曜8:15～16:45（ただし、国民の祝日、年末年始、行事等の振替休日は不可）,時間外利用不可,,1,1,１階玄関ロビー,,,,,,,
444,,市立清水高部東小学校,教育施設課,清水区押切１９０７,35.034793,138.456199,347-2861,月曜～金曜8:15～16:45（ただし、国民の祝日、年末年始、行事等の振替休日は不可）,時間外利用不可,,1,1,体育館入口,,,,,,,
445,,市立清水辻小学校,教育施設課,清水区辻四丁目３－４０,35.026998,138.484853,365-5910,月曜～金曜8:15～16:45（ただし、国民の祝日、年末年始、行事等の振替休日は不可）,時間外利用不可,,1,1,１階保健室前廊下,,,,,,,
446,,市立清水中河内小学校,教育施設課,清水区中河内２５８３－１,35.137066,138.470735,395-2241,月曜～金曜8:15～16:45（ただし、国民の祝日、年末年始、行事等の振替休日は不可）,時間外利用不可,,1,1,１階玄関ロビー,,,,,,,
447,,市立清水西河内小学校,教育施設課,清水区西里１４３,35.121796,138.443516,395-2041,月曜～金曜8:15～16:45（ただし、国民の祝日、年末年始、行事等の振替休日は不可）,時間外利用不可,,1,1,体育館前ホール,,,,,,,
448,,市立清水浜田小学校,教育施設課,清水区浜田町１１－１,35.013155,138.482992,353-6135,月曜～金曜8:15～16:45（ただし、国民の祝日、年末年始、行事等の振替休日は不可）,時間外利用不可,,1,1,１階玄関ロビー,,,,,,,
449,,市立清水不二見小学校,教育施設課,清水区新緑町２－２１,34.995457,138.489125,334-2510,月曜～金曜8:15～16:45（ただし、国民の祝日、年末年始、行事等の振替休日は不可）,時間外利用不可,,1,1,１階保健室前廊下,,,,,,,
450,,市立清水船越小学校,教育施設課,清水区船越三丁目１５－１,34.998289,138.471882,351-1804,月曜～金曜8:15～16:45（ただし、国民の祝日、年末年始、行事等の振替休日は不可）,時間外利用不可,,1,1,１階玄関ロビー,,,,,,,
451,,市立清水三保第一小学校,教育施設課,清水区三保１０６９－１,35.001054,138.522188,334-0721,月曜～金曜8:15～16:45（ただし、国民の祝日、年末年始、行事等の振替休日は不可）,時間外利用不可,,1,1,１階保健室前廊下,,,,,,,
452,,市立清水三保第二小学校,教育施設課,清水区折戸五丁目８－２,34.990891,138.516525,334-6364,月曜～金曜8:15～16:45（ただし、国民の祝日、年末年始、行事等の振替休日は不可）,時間外利用不可,,1,1,１階保健室前廊下,,,,,,,
453,,市立清水和田島小学校,教育施設課,清水区和田島６１１,35.108617,138.48064,395-2031,月曜～金曜8:15～16:45（ただし、国民の祝日、年末年始、行事等の振替休日は不可）,時間外利用不可,,1,1,１階職員室前廊下,,,,,,,
454,,市立由比小学校,教育施設課,清水区由比町屋原３２９番地,35.108295,138.557624,375-2074,月曜～金曜8:15～16:45（ただし、国民の祝日、年末年始、行事等の振替休日は不可）,時間外利用不可,,1,1,１階保健室前廊下,,,,,,,
455,,市立由比北小学校,教育施設課,清水区由比入山２１５８番地,35.129311,138.556677,375-3047,月曜～金曜8:15～16:45（ただし、国民の祝日、年末年始、行事等の振替休日は不可）,時間外利用不可,,1,1,１階職員室前廊下,,,,,,,
456,中学校,市立清水第一中学校,教育施設課,清水区宮代町５－５５,35.026658,138.483784,366-5920,月曜～金曜8:15～16:45（ただし、国民の祝日、年末年始、行事等の振替休日は不可）,時間外利用不可,,1,1,１階職員室内,,,,,,,
457,,市立清水第二中学校,教育施設課,清水区神田町４－５７,35.006878,138.479545,353-3371,月曜～金曜8:15～16:45（ただし、国民の祝日、年末年始、行事等の振替休日は不可）,時間外利用不可,,1,1,１階保健室前廊下,,,,,,,
458,,市立清水第三中学校,教育施設課,清水区三光町３－５７,35.00182,138.487159,353-1194,月曜～金曜8:15～16:45（ただし、国民の祝日、年末年始、行事等の振替休日は不可）,時間外利用不可,,1,1,１階保健室前廊下,,,,,,,
459,,市立清水第四中学校,教育施設課,清水区村松６８３－１,34.990616,138.48667,334-2261,月曜～金曜8:15～16:45（ただし、国民の祝日、年末年始、行事等の振替休日は不可）,時間外利用不可,,1,1,１階保健室前廊下,,,,,,,
460,,市立清水第五中学校,教育施設課,清水区三保１７２０,35.001506,138.524824,334-0034,月曜～金曜8:15～16:45（ただし、国民の祝日、年末年始、行事等の振替休日は不可）,時間外利用不可,,1,1,体育館,,,,,,,
461,,市立清水第六中学校,教育施設課,清水区天王西１０－４０,35.030263,138.459296,366-6520,月曜～金曜8:15～16:45（ただし、国民の祝日、年末年始、行事等の振替休日は不可）,時間外利用不可,,1,2,体育館入口,,,,,,,
462,,市立清水第六中学校,教育施設課,清水区天王西１０－４０,35.030263,138.459296,366-6520,月曜～金曜8:15～16:45（ただし、国民の祝日、年末年始、行事等の振替休日は不可）,時間外利用不可,,,,保健室内,,,,,,,
463,,市立清水第七中学校,教育施設課,清水区草薙三丁目９－２０,35.001913,138.448112,345-5478,月曜～金曜8:15～16:45（ただし、国民の祝日、年末年始、行事等の振替休日は不可）,時間外利用不可,,1,2,１階玄関ロビー,,,,,,,
464,,市立清水第七中学校,教育施設課,清水区草薙三丁目９－２０,35.001913,138.448112,345-5478,月曜～金曜8:15～16:45（ただし、国民の祝日、年末年始、行事等の振替休日は不可）,時間外利用不可,,,,体育館入口,,,,,,,
465,,市立清水第八中学校,教育施設課,清水区追分四丁目２４２９,35.01474,138.467249,345-5488,月曜～金曜8:15～16:45（ただし、国民の祝日、年末年始、行事等の振替休日は不可）,時間外利用不可,,1,1,１階玄関ロビー,,,,,,,
466,,市立清水飯田中学校,教育施設課,清水区山原１１２－１,35.041357,138.468379,365-9571,月曜～金曜8:15～16:45（ただし、国民の祝日、年末年始、行事等の振替休日は不可）,時間外利用不可,,1,1,１階生徒昇降口,,,,,,,
467,,市立清水庵原中学校,教育施設課,清水区原２４５,35.050742,138.480525,366-0059,月曜～金曜8:15～16:45（ただし、国民の祝日、年末年始、行事等の振替休日は不可）,時間外利用不可,,1,1,１階校長室前廊下,,,,,,,
468,,市立清水興津中学校,教育施設課,清水区興津中町１４７８－１０,35.056061,138.522265,369-0105,月曜～金曜8:15～16:45（ただし、国民の祝日、年末年始、行事等の振替休日は不可）,時間外利用不可,,1,1,１階玄関ロビー,,,,,,,
469,,市立清水小島中学校,教育施設課,清水区但沼町２７１,35.101663,138.510648,393-2059,月曜～金曜8:00～16:30（ただし、国民の祝日、年末年始、行事等の振替休日は不可）,時間外利用不可,,1,1,１階玄関ロビー,,,,,,,
470,,市立清水袖師中学校,教育施設課,清水区西久保１２５－１,35.039121,138.485569,366-6820,月曜～金曜8:15～16:45（ただし、国民の祝日、年末年始、行事等の振替休日は不可）,時間外利用不可,,1,1,体育館,,,,,,,
471,,市立清水両河内中学校,教育施設課,清水区和田島３０３,35.107829,138.479188,395-2321,月曜～金曜8:15～16:45（ただし、国民の祝日、年末年始、行事等の振替休日は不可）,時間外利用不可,,1,1,１階玄関ロビー,,,,,,,
472,,市立蒲原中学校,教育施設課,清水区蒲原４９,35.124193,138.619682,385-4115,月曜～金曜8:15～16:45（ただし、国民の祝日、年末年始、行事等の振替休日は不可）,時間外利用不可,,1,1,１階職員通用口,,,,,,,
473,,市立由比中学校,教育施設課,清水区由比４５６,35.108106,138.563093,375-3135,月曜～金曜8:15～16:45（ただし、国民の祝日、年末年始、行事等の振替休日は不可）,時間外利用不可,,1,1,１階玄関ロビー,,,,,,,
474,高校,市立清水桜が丘高等学校,市立清水桜が丘高等学校,清水区桜が丘町７番１５号,35.011191,138.477634,353-5388,8:10～16:55（平日）※上記時間・曜日以外でも、施設利用時であれば使用可能。（設置場所により使用できる機種に制限あり）,時間外利用不可,,1,3,①体育館２階廊下（屋外）,,,,,,,
475,,,,,35.011191,138.477634,,8:10～16:55（平日）※上記時間・曜日以外でも、施設利用時であれば使用可能。（設置場所により使用できる機種に制限あり）,時間外利用不可,,,,②校舎１階玄関ロビー,,,,,,,
476,,,,,35.011191,138.477634,,8:10～16:55（平日）※上記時間・曜日以外でも、施設利用時であれば使用可能。（設置場所により使用できる機種に制限あり）,時間外利用不可,,,,③校舎３階廊下,,,,,,,
477,青少年教育施設,清水大平青少年の家,教育総務課,清水区大平４６９番地,35.156339,138.428088,無人施設,無人施設のため、施設利用のあるときのみ,時間外利用不可,,1,1,正面入口を入って正面に設置,,,,,,,
478,,清水和田島少年自然の家,教育総務課,清水区和田島２７１番地の３,35.108517,138.477627,395-2611,休所日（月曜日、月曜日が祝日の場合はその翌日、12月28日～1月4日、変更する場合あり）以外の職員勤務時間（8：30～17：15、宿泊利用のあるときはこの限りでない）,時間外利用不可,,1,1,１階事務室内,,,,,,,
479,,浜石野外センター,青少年育成課,清水区由比阿僧９３４－６,35.119667,138.538007,375-4105,10：00～14：00　月～日,時間外利用不可,,1,1,正面入口カウンター横,,,,,,,
480,,はばたく教室,青少年育成課,清水区港町二丁目１番１号　キララシティ２階,35.007577,138.491612,351-3455,８：３0～1７：１５　月～金,時間外利用不可,,1,1,事務室内カウンター,,,,,,,
481,看護専門学校,清水看護専門学校,清水看護専門学校,清水区宮加三１２２１番地の５,34.981564,138.489309,336-1136,8:30～17:15　月～金（土日祝日、年末年始除く）,時間外利用不可,,1,1,管理棟１階事務室,,,,,,,
482,道路施設,清水駅東西自由通路,清水道路整備課,清水区真砂町１丁目１番,35.023559,138.488794,354-2027,24時間利用可能,,,1,1,改札付近公衆電話横,,,,,,,
483,下水処理場,清水南部浄化センター,下水道施設課,清水区清開三丁目１０番１号,34.990124,138.500338,334-7644,月～金（祝日、12/29～1/3を除く）　8:30～17:15,インターホンにて声をお掛けください。,,1,1,管理棟1階玄関ホール,,,,,,,
484,,清水北部浄化センター,下水道施設課,清水区横砂４０８番地の１５,35.038246,138.502653,364-0011,月～金（祝日、12/29～1/3を除く）　8:30～17:15,インターホンにて声をお掛けください。,,1,1,管理棟1階玄関ホール,,,,,,,
485,,静清浄化センター,下水道施設課,清水区清開一丁目１番１号,34.999783,138.495718,336-3810,月～金（祝日、12/29～1/3を除く）　8:30～17:15,インターホンにて声をお掛けください。,,1,1,管理棟1階玄関ホール,,,,,,,
486,その他,庵原斎場,戸籍管理課,清水区蒲原４９９９番地の１,35.132743,138.62486,385-6695,１月１日及び毎年市長が指定する休場日（友引日）以外の９時から17時まで,時間外利用不可,,1,1,待合ホール壁面,,,,,,,
487,,清水収集センター,収集業務課,清水区八坂町２１０２番地の１,35.040086,138.472206,366-2751,8：00～16：45（月～金）,時間外利用不可,,1,1,１階管理棟入口横,,,,,,,
488,,清水斎場,戸籍管理課,清水区北矢部１４５２番地,34.992756,138.467797,352-0420,１月１日及び毎年市長が指定する休場日（友引日）以外の９時から17時まで,時間外利用不可,,1,1,待合棟中央部柱,,,,,,,
489,,清水駅西口第１自転車等駐車場,交通政策課,清水区辻一丁目７－２,35.027806,138.488444,366-8751,5：30～23：30,時間外利用不可,,1,1,管理人室内,,,,,,,
,,,,,,,,,,,,,,,,,,,,
,,,,,,,,,,,,,,,,,,,,
,,,,,,,,,,,,,,,,,,,,
,,,,,,,,,,,,,,,,,,,,
,,,,,,,,,,,,,,,,,,,,
,,,,,,,,,,,,,,,,,,,,
,,,,,,,,,,,,,,,,,,,,
,,,,,,,,,,,,,,,,,,,,
,,,,,,,,,,,,,,,,,,,,
,,,,,,,,,,,,,,,,,,,,
,,,,,,,,,,,,,,,,,,,,
,,,,,,,,,,,,,,,,,,,,
,,,,,,,,,,,,,,,,,,,,
,,,,,,,,,,,,,,,,,,,,
,,,,,,,,,,,,,,,,,,,,
,,,,,,,,,,,,,,,,,,,,
,,,,,,,,,,,,,,,,,,,,
,,,,,,,,,,,,,,,,,,,,
,,,,,,,,,,,,,,,,,,,,
,,,,,,,,,,,,,,,,,,,,
,,,,,,,,,,,,,,,,,,,,
,,,,,,,,,,,,,,,,,,,,
,,,,,,,,,,,,,,,,,,,,
,,,,,,,,,,,,,,,,,,,,
,,,,,,,,,,,,,,,,,,,,
,,,,,,,,,,,,,,,,,,,,
,,,,,,,,,,,,,,,,,,,,
,,,,,,,,,,,,,,,,,,,,
,,,,,,,,,,,,,,,,,,,,
,,,,,,,,,,,,,,,,,,,,
,,,,,,,,,,,,,,,,,,,,
,,,,,,,,,,,,,,,,,,,,
,,,,,,,,,,,,,,,,,,,,
,,,,,,,,,,,,,,,,,,,,
,,,,,,,,,,,,,,,,,,,,
,,,,,,,,,,,,,,,,,,,,
,,,,,,,,,,,,,,,,,,,,
,,,,,,,,,,,,,,,,,,,,
,,,,,,,,,,,,,,,,,,,,
,,,,,,,,,,,,,,,,,,,,
,,,,,,,,,,,,,,,,,,,,
,,,,,,,,,,,,,,,,,,,,
,,,,,,,,,,,,,,,,,,,,
,,,,,,,,,,,,,,,,,,,,
,,,,,,,,,,,,,,,,,,,,
,,,,,,,,,,,,,,,,,,,,
,,,,,,,,,,,,,,,,,,,,
,,,,,,,,,,,,,,,,,,,,
,,,,,,,,,,,,,,,,,,,,
,,,,,,,,,,,,,,,,,,,,
,,,,,,,,,,,,,,,,,,,,
,,,,,,,,,,,,,,,,,,,,
,,,,,,,,,,,,,,,,,,,,
,,,,,,,,,,,,,,,,,,,,
,,,,,,,,,,,,,,,,,,,,
,,,,,,,,,,,,,,,,,,,,
,,,,,,,,,,,,,,,,,,,,
,,,,,,,,,,,,,,,,,,,,
,,,,,,,,,,,,,,,,,,,,
,,,,,,,,,,,,,,,,,,,,
,,,,,,,,,,,,,,,,,,,,
,,,,,,,,,,,,,,,,,,,,
,,,,,,,,,,,,,,,,,,,,
,,,,,,,,,,,,,,,,,,,,
,,,,,,,,,,,,,,,,,,,,
,,,,,,,,,,,,,,,,,,,,
,,,,,,,,,,,,,,,,,,,,
,,,,,,,,,,,,,,,,,,,,
,,,,,,,,,,,,,,,,,,,,
,,,,,,,,,,,,,,,,,,,,
,,,,,,,,,,,,,,,,,,,,
,,,,,,,,,,,,,,,,,,,,
,,,,,,,,,,,,,,,,,,,,
,,,,,,,,,,,,,,,,,,,,
,,,,,,,,,,,,,,,,,,,,
,,,,,,,,,,,,,,,,,,,,
,,,,,,,,,,,,,,,,,,,,
,,,,,,,,,,,,,,,,,,,,
,,,,,,,,,,,,,,,,,,,,
,,,,,,,,,,,,,,,,,,,,
,,,,,,,,,,,,,,,,,,,,
,,,,,,,,,,,,,,,,,,,,
,,,,,,,,,,,,,,,,,,,,
,,,,,,,,,,,,,,,,,,,,
,,,,,,,,,,,,,,,,,,,,
,,,,,,,,,,,,,,,,,,,,
,,,,,,,,,,,,,,,,,,,,
,,,,,,,,,,,,,,,,,,,,
,,,,,,,,,,,,,,,,,,,,
,,,,,,,,,,,,,,,,,,,,
,,,,,,,,,,,,,,,,,,,,
,,,,,,,,,,,,,,,,,,,,
,,,,,,,,,,,,,,,,,,,,
,,,,,,,,,,,,,,,,,,,,
,,,,,,,,,,,,,,,,,,,,
,,,,,,,,,,,,,,,,,,,,
,,,,,,,,,,,,,,,,,,,,
,,,,,,,,,,,,,,,,,,,,
,,,,,,,,,,,,,,,,,,,,
,,,,,,,,,,,,,,,,,,,,
,,,,,,,,,,,,,,,,,,,,
,,,,,,,,,,,,,,,,,,,,
,,,,,,,,,,,,,,,,,,,,
,,,,,,,,,,,,,,,,,,,,
,,,,,,,,,,,,,,,,,,,,
,,,,,,,,,,,,,,,,,,,,
,,,,,,,,,,,,,,,,,,,,
,,,,,,,,,,,,,,,,,,,,
,,,,,,,,,,,,,,,,,,,,
,,,,,,,,,,,,,,,,,,,,
,,,,,,,,,,,,,,,,,,,,
,,,,,,,,,,,,,,,,,,,,
,,,,,,,,,,,,,,,,,,,,
,,,,,,,,,,,,,,,,,,,,
,,,,,,,,,,,,,,,,,,,,
,,,,,,,,,,,,,,,,,,,,
,,,,,,,,,,,,,,,,,,,,
,,,,,,,,,,,,,,,,,,,,
,,,,,,,,,,,,,,,,,,,,
,,,,,,,,,,,,,,,,,,,,
,,,,,,,,,,,,,,,,,,,,
,,,,,,,,,,,,,,,,,,,,
,,,,,,,,,,,,,,,,,,,,
,,,,,,,,,,,,,,,,,,,,
,,,,,,,,,,,,,,,,,,,,
,,,,,,,,,,,,,,,,,,,,
,,,,,,,,,,,,,,,,,,,,
,,,,,,,,,,,,,,,,,,,,
,,,,,,,,,,,,,,,,,,,,
,,,,,,,,,,,,,,,,,,,,
,,,,,,,,,,,,,,,,,,,,
,,,,,,,,,,,,,,,,,,,,
,,,,,,,,,,,,,,,,,,,,
,,,,,,,,,,,,,,,,,,,,
,,,,,,,,,,,,,,,,,,,,
,,,,,,,,,,,,,,,,,,,,
,,,,,,,,,,,,,,,,,,,,
,,,,,,,,,,,,,,,,,,,,
,,,,,,,,,,,,,,,,,,,,
,,,,,,,,,,,,,,,,,,,,
,,,,,,,,,,,,,,,,,,,,
,,,,,,,,,,,,,,,,,,,,
,,,,,,,,,,,,,,,,,,,,
,,,,,,,,,,,,,,,,,,,,
,,,,,,,,,,,,,,,,,,,,
,,,,,,,,,,,,,,,,,,,,
,,,,,,,,,,,,,,,,,,,,
,,,,,,,,,,,,,,,,,,,,
,,,,,,,,,,,,,,,,,,,,
,,,,,,,,,,,,,,,,,,,,
,,,,,,,,,,,,,,,,,,,,
,,,,,,,,,,,,,,,,,,,,
,,,,,,,,,,,,,,,,,,,,
,,,,,,,,,,,,,,,,,,,,
,,,,,,,,,,,,,,,,,,,,
,,,,,,,,,,,,,,,,,,,,
,,,,,,,,,,,,,,,,,,,,
,,,,,,,,,,,,,,,,,,,,
,,,,,,,,,,,,,,,,,,,,
,,,,,,,,,,,,,,,,,,,,
,,,,,,,,,,,,,,,,,,,,
,,,,,,,,,,,,,,,,,,,,
,,,,,,,,,,,,,,,,,,,,
,,,,,,,,,,,,,,,,,,,,
,,,,,,,,,,,,,,,,,,,,
,,,,,,,,,,,,,,,,,,,,
,,,,,,,,,,,,,,,,,,,,
,,,,,,,,,,,,,,,,,,,,
,,,,,,,,,,,,,,,,,,,,
,,,,,,,,,,,,,,,,,,,,
,,,,,,,,,,,,,,,,,,,,
,,,,,,,,,,,,,,,,,,,,
,,,,,,,,,,,,,,,,,,,,
,,,,,,,,,,,,,,,,,,,,
,,,,,,,,,,,,,,,,,,,,
,,,,,,,,,,,,,,,,,,,,
,,,,,,,,,,,,,,,,,,,,
,,,,,,,,,,,,,,,,,,,,
,,,,,,,,,,,,,,,,,,,,
,,,,,,,,,,,,,,,,,,,,
,,,,,,,,,,,,,,,,,,,,
,,,,,,,,,,,,,,,,,,,,
,,,,,,,,,,,,,,,,,,,,
,,,,,,,,,,,,,,,,,,,,
,,,,,,,,,,,,,,,,,,,,
,,,,,,,,,,,,,,,,,,,,
,,,,,,,,,,,,,,,,,,,,
,,,,,,,,,,,,,,,,,,,,
,,,,,,,,,,,,,,,,,,,,
,,,,,,,,,,,,,,,,,,,,
,,,,,,,,,,,,,,,,,,,,
,,,,,,,,,,,,,,,,,,,,
,,,,,,,,,,,,,,,,,,,,
,,,,,,,,,,,,,,,,,,,,
,,,,,,,,,,,,,,,,,,,,
,,,,,,,,,,,,,,,,,,,,
,,,,,,,,,,,,,,,,,,,,
,,,,,,,,,,,,,,,,,,,,
,,,,,,,,,,,,,,,,,,,,
,,,,,,,,,,,,,,,,,,,,
,,,,,,,,,,,,,,,,,,,,
,,,,,,,,,,,,,,,,,,,,
,,,,,,,,,,,,,,,,,,,,
,,,,,,,,,,,,,,,,,,,,
